{"customer_id": "C3", "basket": [{"product_id": "P35", "price": 1788}, {"product_id": "P38", "price": 423}], "date_of_purchase": "2019-01-20 11:19:00"}
{"customer_id": "C8", "basket": [{"product_id": "P35", "price": 1288}, {"product_id": "P40", "price": 132}], "date_of_purchase": "2019-01-20 19:01:00"}
{"customer_id": "C11", "basket": [{"product_id": "P39", "price": 1909}, {"product_id": "P37", "price": 1771}], "date_of_purchase": "2019-01-20 08:05:00"}
{"customer_id": "C24", "basket": [{"product_id": "P11", "price": 184}, {"product_id": "P06", "price": 779}, {"product_id": "P11", "price": 1426}], "date_of_purchase": "2019-01-20 20:23:00"}
{"customer_id": "C35", "basket": [{"product_id": "P50", "price": 1215}, {"product_id": "P42", "price": 869}], "date_of_purchase": "2019-01-20 19:54:00"}
{"customer_id": "C41", "basket": [{"product_id": "P05", "price": 270}, {"product_id": "P03", "price": 260}, {"product_id": "P11", "price": 272}], "date_of_purchase": "2019-01-20 20:33:00"}
{"customer_id": "C55", "basket": [{"product_id": "P25", "price": 1797}], "date_of_purchase": "2019-01-20 09:36:00"}
{"customer_id": "C58", "basket": [{"product_id": "P44", "price": 1779}, {"product_id": "P53", "price": 1356}, {"product_id": "P55", "price": 916}], "date_of_purchase": "2019-01-20 04:06:00"}
{"customer_id": "C64", "basket": [{"product_id": "P26", "price": 1339}], "date_of_purchase": "2019-01-20 17:44:00"}
{"customer_id": "C66", "basket": [{"product_id": "P06", "price": 76}], "date_of_purchase": "2019-01-20 22:12:00"}
{"customer_id": "C69", "basket": [{"product_id": "P51", "price": 1555}, {"product_id": "P52", "price": 950}], "date_of_purchase": "2019-01-20 08:04:00"}
{"customer_id": "C73", "basket": [{"product_id": "P37", "price": 1893}, {"product_id": "P37", "price": 1689}], "date_of_purchase": "2019-01-20 08:09:00"}
{"customer_id": "C96", "basket": [{"product_id": "P58", "price": 1795}, {"product_id": "P47", "price": 781}], "date_of_purchase": "2019-01-20 19:37:00"}
{"customer_id": "C97", "basket": [{"product_id": "P28", "price": 1930}, {"product_id": "P33", "price": 615}], "date_of_purchase": "2019-01-20 13:58:00"}
{"customer_id": "C98", "basket": [{"product_id": "P58", "price": 456}, {"product_id": "P56", "price": 1574}, {"product_id": "P43", "price": 1324}], "date_of_purchase": "2019-01-20 15:23:00"}
{"customer_id": "C100", "basket": [{"product_id": "P39", "price": 342}, {"product_id": "P36", "price": 407}], "date_of_purchase": "2019-01-20 09:34:00"}
{"customer_id": "C119", "basket": [{"product_id": "P30", "price": 543}], "date_of_purchase": "2019-01-20 19:49:00"}
{"customer_id": "C120", "basket": [{"product_id": "P11", "price": 1220}, {"product_id": "P08", "price": 1560}, {"product_id": "P08", "price": 1260}], "date_of_purchase": "2019-01-20 20:15:00"}
{"customer_id": "C128", "basket": [{"product_id": "P42", "price": 405}, {"product_id": "P48", "price": 1025}, {"product_id": "P58", "price": 1898}], "date_of_purchase": "2019-01-20 05:08:00"}
{"customer_id": "C129", "basket": [{"product_id": "P24", "price": 726}], "date_of_purchase": "2019-01-20 16:35:00"}
{"customer_id": "C132", "basket": [{"product_id": "P52", "price": 653}], "date_of_purchase": "2019-01-20 04:20:00"}
