{"customer_id": "C2", "basket": [{"product_id": "P61", "price": 1581}, {"product_id": "P63", "price": 1321}, {"product_id": "P61", "price": 1412}], "date_of_purchase": "2019-01-12 10:24:00"}
{"customer_id": "C8", "basket": [{"product_id": "P19", "price": 604}], "date_of_purchase": "2019-01-12 04:29:00"}
{"customer_id": "C10", "basket": [{"product_id": "P46", "price": 434}], "date_of_purchase": "2019-01-12 03:45:00"}
{"customer_id": "C14", "basket": [{"product_id": "P49", "price": 405}, {"product_id": "P49", "price": 1277}], "date_of_purchase": "2019-01-12 02:59:00"}
{"customer_id": "C20", "basket": [{"product_id": "P23", "price": 263}, {"product_id": "P26", "price": 1933}], "date_of_purchase": "2019-01-12 22:16:00"}
{"customer_id": "C29", "basket": [{"product_id": "P21", "price": 1311}, {"product_id": "P20", "price": 1226}, {"product_id": "P19", "price": 833}], "date_of_purchase": "2019-01-12 21:18:00"}
{"customer_id": "C34", "basket": [{"product_id": "P47", "price": 1150}, {"product_id": "P52", "price": 1701}], "date_of_purchase": "2019-01-12 18:31:00"}
{"customer_id": "C36", "basket": [{"product_id": "P64", "price": 1976}, {"product_id": "P62", "price": 1142}], "date_of_purchase": "2019-01-12 05:56:00"}
{"customer_id": "C72", "basket": [{"product_id": "P44", "price": 1456}, {"product_id": "P45", "price": 807}, {"product_id": "P57", "price": 539}], "date_of_purchase": "2019-01-12 11:11:00"}
{"customer_id": "C81", "basket": [{"product_id": "P29", "price": 1318}], "date_of_purchase": "2019-01-12 03:36:00"}
{"customer_id": "C96", "basket": [{"product_id": "P43", "price": 355}], "date_of_purchase": "2019-01-12 12:10:00"}
{"customer_id": "C104", "basket": [{"product_id": "P37", "price": 1221}, {"product_id": "P40", "price": 598}], "date_of_purchase": "2019-01-12 15:25:00"}
{"customer_id": "C108", "basket": [{"product_id": "P36", "price": 1127}], "date_of_purchase": "2019-01-12 16:22:00"}
{"customer_id": "C123", "basket": [{"product_id": "P64", "price": 1636}, {"product_id": "P64", "price": 1721}], "date_of_purchase": "2019-01-12 22:40:00"}
{"customer_id": "C128", "basket": [{"product_id": "P52", "price": 389}, {"product_id": "P57", "price": 545}, {"product_id": "P48", "price": 628}], "date_of_purchase": "2019-01-12 09:26:00"}
{"customer_id": "C135", "basket": [{"product_id": "P52", "price": 871}], "date_of_purchase": "2019-01-12 10:05:00"}
