{"customer_id": "C2", "basket": [{"product_id": "P43", "price": 684}], "date_of_purchase": "2019-02-05 16:26:00"}
{"customer_id": "C3", "basket": [{"product_id": "P39", "price": 496}, {"product_id": "P37", "price": 613}], "date_of_purchase": "2019-02-05 05:45:00"}
{"customer_id": "C20", "basket": [{"product_id": "P34", "price": 546}, {"product_id": "P33", "price": 200}, {"product_id": "P25", "price": 353}], "date_of_purchase": "2019-02-05 21:37:00"}
{"customer_id": "C25", "basket": [{"product_id": "P04", "price": 170}], "date_of_purchase": "2019-02-05 21:41:00"}
{"customer_id": "C28", "basket": [{"product_id": "P61", "price": 1538}], "date_of_purchase": "2019-02-05 14:30:00"}
{"customer_id": "C48", "basket": [{"product_id": "P55", "price": 234}, {"product_id": "P41", "price": 602}, {"product_id": "P52", "price": 1143}], "date_of_purchase": "2019-02-05 20:10:00"}
{"customer_id": "C50", "basket": [{"product_id": "P53", "price": 1489}], "date_of_purchase": "2019-02-05 06:29:00"}
{"customer_id": "C60", "basket": [{"product_id": "P64", "price": 456}, {"product_id": "P62", "price": 367}], "date_of_purchase": "2019-02-05 08:12:00"}
{"customer_id": "C61", "basket": [{"product_id": "P40", "price": 1340}], "date_of_purchase": "2019-02-05 05:17:00"}
{"customer_id": "C66", "basket": [{"product_id": "P11", "price": 31}, {"product_id": "P08", "price": 366}, {"product_id": "P07", "price": 1382}], "date_of_purchase": "2019-02-05 23:29:00"}
{"customer_id": "C95", "basket": [{"product_id": "P13", "price": 334}, {"product_id": "P19", "price": 168}, {"product_id": "P16", "price": 713}], "date_of_purchase": "2019-02-05 05:31:00"}
{"customer_id": "C96", "basket": [{"product_id": "P24", "price": 1635}, {"product_id": "P30", "price": 304}, {"product_id": "P34", "price": 1500}], "date_of_purchase": "2019-02-05 03:09:00"}
{"customer_id": "C97", "basket": [{"product_id": "P34", "price": 222}, {"product_id": "P34", "price": 1832}], "date_of_purchase": "2019-02-05 21:12:00"}
{"customer_id": "C101", "basket": [{"product_id": "P21", "price": 94}, {"product_id": "P19", "price": 1098}, {"product_id": "P15", "price": 1756}], "date_of_purchase": "2019-02-05 10:55:00"}
{"customer_id": "C104", "basket": [{"product_id": "P35", "price": 1148}], "date_of_purchase": "2019-02-05 23:20:00"}
{"customer_id": "C115", "basket": [{"product_id": "P63", "price": 1501}, {"product_id": "P61", "price": 690}], "date_of_purchase": "2019-02-05 20:25:00"}
{"customer_id": "C119", "basket": [{"product_id": "P22", "price": 163}], "date_of_purchase": "2019-02-05 17:35:00"}
{"customer_id": "C131", "basket": [{"product_id": "P39", "price": 644}], "date_of_purchase": "2019-02-05 17:00:00"}
{"customer_id": "C133", "basket": [{"product_id": "P41", "price": 35}], "date_of_purchase": "2019-02-05 20:24:00"}
