{"customer_id": "C7", "basket": [{"product_id": "P37", "price": 1439}, {"product_id": "P39", "price": 1235}, {"product_id": "P36", "price": 1193}], "date_of_purchase": "2019-02-19 22:11:00"}
{"customer_id": "C8", "basket": [{"product_id": "P51", "price": 1615}, {"product_id": "P53", "price": 826}, {"product_id": "P55", "price": 775}], "date_of_purchase": "2019-02-19 08:24:00"}
{"customer_id": "C10", "basket": [{"product_id": "P52", "price": 415}, {"product_id": "P48", "price": 1304}, {"product_id": "P48", "price": 1272}], "date_of_purchase": "2019-02-19 23:46:00"}
{"customer_id": "C13", "basket": [{"product_id": "P32", "price": 776}, {"product_id": "P23", "price": 227}, {"product_id": "P26", "price": 1603}], "date_of_purchase": "2019-02-19 03:27:00"}
{"customer_id": "C18", "basket": [{"product_id": "P49", "price": 1785}, {"product_id": "P44", "price": 662}, {"product_id": "P41", "price": 108}], "date_of_purchase": "2019-02-19 11:04:00"}
{"customer_id": "C21", "basket": [{"product_id": "P62", "price": 1648}, {"product_id": "P62", "price": 1156}, {"product_id": "P62", "price": 501}], "date_of_purchase": "2019-02-19 11:02:00"}
{"customer_id": "C26", "basket": [{"product_id": "P35", "price": 1579}], "date_of_purchase": "2019-02-19 05:01:00"}
{"customer_id": "C27", "basket": [{"product_id": "P27", "price": 1063}, {"product_id": "P28", "price": 89}, {"product_id": "P25", "price": 1832}], "date_of_purchase": "2019-02-19 17:34:00"}
{"customer_id": "C30", "basket": [{"product_id": "P12", "price": 1002}, {"product_id": "P08", "price": 382}, {"product_id": "P12", "price": 125}], "date_of_purchase": "2019-02-19 20:56:00"}
{"customer_id": "C36", "basket": [{"product_id": "P64", "price": 523}, {"product_id": "P63", "price": 1592}, {"product_id": "P63", "price": 66}], "date_of_purchase": "2019-02-19 23:14:00"}
{"customer_id": "C38", "basket": [{"product_id": "P62", "price": 1573}, {"product_id": "P61", "price": 394}, {"product_id": "P62", "price": 886}], "date_of_purchase": "2019-02-19 16:21:00"}
{"customer_id": "C41", "basket": [{"product_id": "P38", "price": 1042}], "date_of_purchase": "2019-02-19 08:47:00"}
{"customer_id": "C44", "basket": [{"product_id": "P39", "price": 448}, {"product_id": "P37", "price": 1190}], "date_of_purchase": "2019-02-19 15:06:00"}
{"customer_id": "C45", "basket": [{"product_id": "P55", "price": 925}], "date_of_purchase": "2019-02-19 07:03:00"}
{"customer_id": "C61", "basket": [{"product_id": "P35", "price": 1615}, {"product_id": "P38", "price": 1140}, {"product_id": "P40", "price": 395}], "date_of_purchase": "2019-02-19 18:47:00"}
{"customer_id": "C63", "basket": [{"product_id": "P24", "price": 1641}, {"product_id": "P25", "price": 1549}], "date_of_purchase": "2019-02-19 12:34:00"}
{"customer_id": "C66", "basket": [{"product_id": "P09", "price": 1796}, {"product_id": "P11", "price": 1245}], "date_of_purchase": "2019-02-19 22:38:00"}
{"customer_id": "C74", "basket": [{"product_id": "P27", "price": 1476}, {"product_id": "P31", "price": 627}, {"product_id": "P30", "price": 85}], "date_of_purchase": "2019-02-19 20:40:00"}
{"customer_id": "C78", "basket": [{"product_id": "P56", "price": 947}, {"product_id": "P59", "price": 423}], "date_of_purchase": "2019-02-19 04:50:00"}
{"customer_id": "C95", "basket": [{"product_id": "P27", "price": 691}, {"product_id": "P34", "price": 1360}, {"product_id": "P32", "price": 1133}], "date_of_purchase": "2019-02-19 18:44:00"}
{"customer_id": "C96", "basket": [{"product_id": "P42", "price": 1536}, {"product_id": "P42", "price": 205}, {"product_id": "P54", "price": 464}], "date_of_purchase": "2019-02-19 17:18:00"}
{"customer_id": "C99", "basket": [{"product_id": "P12", "price": 502}], "date_of_purchase": "2019-02-19 23:49:00"}
{"customer_id": "C108", "basket": [{"product_id": "P35", "price": 1840}, {"product_id": "P40", "price": 339}, {"product_id": "P40", "price": 776}], "date_of_purchase": "2019-02-19 22:53:00"}
{"customer_id": "C109", "basket": [{"product_id": "P02", "price": 1249}], "date_of_purchase": "2019-02-19 20:53:00"}
{"customer_id": "C112", "basket": [{"product_id": "P42", "price": 1585}, {"product_id": "P50", "price": 1876}, {"product_id": "P57", "price": 1556}], "date_of_purchase": "2019-02-19 16:06:00"}
{"customer_id": "C122", "basket": [{"product_id": "P01", "price": 575}, {"product_id": "P09", "price": 1963}, {"product_id": "P11", "price": 263}], "date_of_purchase": "2019-02-19 04:32:00"}
{"customer_id": "C125", "basket": [{"product_id": "P32", "price": 1108}, {"product_id": "P24", "price": 1545}], "date_of_purchase": "2019-02-19 20:40:00"}
{"customer_id": "C129", "basket": [{"product_id": "P40", "price": 503}, {"product_id": "P35", "price": 837}], "date_of_purchase": "2019-02-19 23:51:00"}
{"customer_id": "C130", "basket": [{"product_id": "P27", "price": 1861}, {"product_id": "P30", "price": 133}], "date_of_purchase": "2019-02-19 15:59:00"}
