{"customer_id": "C8", "basket": [{"product_id": "P48", "price": 1165}], "date_of_purchase": "2018-12-27 11:17:00"}
{"customer_id": "C27", "basket": [{"product_id": "P49", "price": 484}, {"product_id": "P55", "price": 118}], "date_of_purchase": "2018-12-27 05:19:00"}
{"customer_id": "C32", "basket": [{"product_id": "P52", "price": 1843}, {"product_id": "P44", "price": 230}], "date_of_purchase": "2018-12-27 18:43:00"}
{"customer_id": "C35", "basket": [{"product_id": "P57", "price": 179}], "date_of_purchase": "2018-12-27 22:07:00"}
{"customer_id": "C54", "basket": [{"product_id": "P43", "price": 804}, {"product_id": "P47", "price": 658}], "date_of_purchase": "2018-12-27 08:58:00"}
{"customer_id": "C56", "basket": [{"product_id": "P22", "price": 899}, {"product_id": "P29", "price": 457}], "date_of_purchase": "2018-12-27 16:45:00"}
{"customer_id": "C59", "basket": [{"product_id": "P63", "price": 481}, {"product_id": "P63", "price": 1530}, {"product_id": "P63", "price": 1689}], "date_of_purchase": "2018-12-27 08:31:00"}
{"customer_id": "C62", "basket": [{"product_id": "P28", "price": 468}], "date_of_purchase": "2018-12-27 04:44:00"}
{"customer_id": "C66", "basket": [{"product_id": "P01", "price": 438}, {"product_id": "P09", "price": 309}, {"product_id": "P04", "price": 1104}], "date_of_purchase": "2018-12-27 18:36:00"}
{"customer_id": "C67", "basket": [{"product_id": "P30", "price": 617}, {"product_id": "P29", "price": 1773}], "date_of_purchase": "2018-12-27 03:05:00"}
{"customer_id": "C68", "basket": [{"product_id": "P50", "price": 1823}, {"product_id": "P55", "price": 859}], "date_of_purchase": "2018-12-27 23:44:00"}
{"customer_id": "C72", "basket": [{"product_id": "P52", "price": 1659}], "date_of_purchase": "2018-12-27 04:48:00"}
{"customer_id": "C73", "basket": [{"product_id": "P39", "price": 569}], "date_of_purchase": "2018-12-27 21:40:00"}
{"customer_id": "C81", "basket": [{"product_id": "P24", "price": 1835}, {"product_id": "P22", "price": 852}, {"product_id": "P23", "price": 455}], "date_of_purchase": "2018-12-27 19:28:00"}
{"customer_id": "C82", "basket": [{"product_id": "P23", "price": 196}], "date_of_purchase": "2018-12-27 06:37:00"}
{"customer_id": "C100", "basket": [{"product_id": "P40", "price": 691}], "date_of_purchase": "2018-12-27 06:34:00"}
{"customer_id": "C101", "basket": [{"product_id": "P18", "price": 38}], "date_of_purchase": "2018-12-27 10:46:00"}
{"customer_id": "C102", "basket": [{"product_id": "P39", "price": 1265}, {"product_id": "P38", "price": 1293}], "date_of_purchase": "2018-12-27 17:08:00"}
{"customer_id": "C123", "basket": [{"product_id": "P61", "price": 812}], "date_of_purchase": "2018-12-27 20:58:00"}
{"customer_id": "C125", "basket": [{"product_id": "P24", "price": 1775}, {"product_id": "P33", "price": 1011}], "date_of_purchase": "2018-12-27 14:26:00"}
{"customer_id": "C137", "basket": [{"product_id": "P12", "price": 1372}, {"product_id": "P03", "price": 492}], "date_of_purchase": "2018-12-27 22:17:00"}
