{"customer_id": "C1", "basket": [{"product_id": "P32", "price": 542}], "date_of_purchase": "2018-12-02 06:34:00"}
{"customer_id": "C2", "basket": [{"product_id": "P45", "price": 677}, {"product_id": "P41", "price": 515}], "date_of_purchase": "2018-12-02 10:31:00"}
{"customer_id": "C11", "basket": [{"product_id": "P36", "price": 708}, {"product_id": "P37", "price": 1763}], "date_of_purchase": "2018-12-02 08:34:00"}
{"customer_id": "C23", "basket": [{"product_id": "P38", "price": 767}, {"product_id": "P38", "price": 1396}, {"product_id": "P38", "price": 1924}], "date_of_purchase": "2018-12-02 13:07:00"}
{"customer_id": "C27", "basket": [{"product_id": "P28", "price": 1818}, {"product_id": "P23", "price": 483}], "date_of_purchase": "2018-12-02 19:32:00"}
{"customer_id": "C29", "basket": [{"product_id": "P13", "price": 90}], "date_of_purchase": "2018-12-02 13:55:00"}
{"customer_id": "C33", "basket": [{"product_id": "P34", "price": 226}, {"product_id": "P29", "price": 1909}, {"product_id": "P26", "price": 369}], "date_of_purchase": "2018-12-02 08:53:00"}
{"customer_id": "C35", "basket": [{"product_id": "P42", "price": 886}, {"product_id": "P45", "price": 865}, {"product_id": "P56", "price": 879}], "date_of_purchase": "2018-12-02 16:54:00"}
{"customer_id": "C56", "basket": [{"product_id": "P51", "price": 1435}, {"product_id": "P48", "price": 1816}, {"product_id": "P51", "price": 404}], "date_of_purchase": "2018-12-02 04:00:00"}
{"customer_id": "C59", "basket": [{"product_id": "P47", "price": 595}, {"product_id": "P41", "price": 979}], "date_of_purchase": "2018-12-02 18:54:00"}
{"customer_id": "C68", "basket": [{"product_id": "P32", "price": 302}, {"product_id": "P31", "price": 1287}, {"product_id": "P23", "price": 1026}], "date_of_purchase": "2018-12-02 16:51:00"}
{"customer_id": "C74", "basket": [{"product_id": "P22", "price": 1957}, {"product_id": "P26", "price": 38}], "date_of_purchase": "2018-12-02 12:35:00"}
{"customer_id": "C85", "basket": [{"product_id": "P50", "price": 1385}, {"product_id": "P48", "price": 1123}], "date_of_purchase": "2018-12-02 08:25:00"}
{"customer_id": "C89", "basket": [{"product_id": "P44", "price": 140}, {"product_id": "P60", "price": 11}], "date_of_purchase": "2018-12-02 21:31:00"}
{"customer_id": "C96", "basket": [{"product_id": "P42", "price": 1138}], "date_of_purchase": "2018-12-02 04:10:00"}
{"customer_id": "C109", "basket": [{"product_id": "P39", "price": 1709}], "date_of_purchase": "2018-12-02 21:17:00"}
{"customer_id": "C116", "basket": [{"product_id": "P11", "price": 1051}, {"product_id": "P06", "price": 734}, {"product_id": "P08", "price": 732}], "date_of_purchase": "2018-12-02 20:22:00"}
{"customer_id": "C122", "basket": [{"product_id": "P52", "price": 21}, {"product_id": "P47", "price": 1595}, {"product_id": "P49", "price": 1368}], "date_of_purchase": "2018-12-02 11:07:00"}
{"customer_id": "C123", "basket": [{"product_id": "P62", "price": 1812}, {"product_id": "P64", "price": 272}], "date_of_purchase": "2018-12-02 17:55:00"}
{"customer_id": "C126", "basket": [{"product_id": "P40", "price": 724}, {"product_id": "P36", "price": 697}, {"product_id": "P36", "price": 1586}], "date_of_purchase": "2018-12-02 17:13:00"}
