{"customer_id": "C1", "basket": [{"product_id": "P23", "price": 1083}, {"product_id": "P27", "price": 788}, {"product_id": "P24", "price": 1842}], "date_of_purchase": "2018-12-21 15:51:00"}
{"customer_id": "C2", "basket": [{"product_id": "P56", "price": 892}, {"product_id": "P53", "price": 1764}, {"product_id": "P52", "price": 1180}], "date_of_purchase": "2018-12-21 16:22:00"}
{"customer_id": "C3", "basket": [{"product_id": "P36", "price": 170}], "date_of_purchase": "2018-12-21 05:24:00"}
{"customer_id": "C7", "basket": [{"product_id": "P35", "price": 345}, {"product_id": "P38", "price": 626}, {"product_id": "P38", "price": 807}], "date_of_purchase": "2018-12-21 18:09:00"}
{"customer_id": "C10", "basket": [{"product_id": "P38", "price": 1521}, {"product_id": "P37", "price": 1342}, {"product_id": "P38", "price": 1935}], "date_of_purchase": "2018-12-21 06:40:00"}
{"customer_id": "C13", "basket": [{"product_id": "P63", "price": 226}, {"product_id": "P61", "price": 1450}, {"product_id": "P62", "price": 16}], "date_of_purchase": "2018-12-21 22:11:00"}
{"customer_id": "C17", "basket": [{"product_id": "P30", "price": 303}], "date_of_purchase": "2018-12-21 17:20:00"}
{"customer_id": "C20", "basket": [{"product_id": "P30", "price": 920}], "date_of_purchase": "2018-12-21 23:54:00"}
{"customer_id": "C25", "basket": [{"product_id": "P62", "price": 889}, {"product_id": "P64", "price": 702}], "date_of_purchase": "2018-12-21 06:07:00"}
{"customer_id": "C26", "basket": [{"product_id": "P21", "price": 990}], "date_of_purchase": "2018-12-21 05:09:00"}
{"customer_id": "C29", "basket": [{"product_id": "P19", "price": 251}, {"product_id": "P17", "price": 1051}], "date_of_purchase": "2018-12-21 20:03:00"}
{"customer_id": "C34", "basket": [{"product_id": "P35", "price": 222}, {"product_id": "P35", "price": 1552}, {"product_id": "P39", "price": 855}], "date_of_purchase": "2018-12-21 19:34:00"}
{"customer_id": "C39", "basket": [{"product_id": "P26", "price": 1385}, {"product_id": "P34", "price": 1152}, {"product_id": "P25", "price": 1812}], "date_of_purchase": "2018-12-21 06:59:00"}
{"customer_id": "C51", "basket": [{"product_id": "P31", "price": 1911}, {"product_id": "P27", "price": 535}, {"product_id": "P26", "price": 36}], "date_of_purchase": "2018-12-21 20:34:00"}
{"customer_id": "C52", "basket": [{"product_id": "P59", "price": 1936}, {"product_id": "P52", "price": 1740}], "date_of_purchase": "2018-12-21 08:36:00"}
{"customer_id": "C56", "basket": [{"product_id": "P55", "price": 989}, {"product_id": "P58", "price": 833}], "date_of_purchase": "2018-12-21 15:23:00"}
{"customer_id": "C66", "basket": [{"product_id": "P07", "price": 1863}, {"product_id": "P11", "price": 152}, {"product_id": "P08", "price": 1883}], "date_of_purchase": "2018-12-21 23:59:00"}
{"customer_id": "C76", "basket": [{"product_id": "P54", "price": 716}], "date_of_purchase": "2018-12-21 03:50:00"}
{"customer_id": "C81", "basket": [{"product_id": "P53", "price": 1331}, {"product_id": "P53", "price": 524}], "date_of_purchase": "2018-12-21 23:07:00"}
{"customer_id": "C83", "basket": [{"product_id": "P38", "price": 1175}], "date_of_purchase": "2018-12-21 11:57:00"}
{"customer_id": "C95", "basket": [{"product_id": "P61", "price": 894}], "date_of_purchase": "2018-12-21 19:42:00"}
{"customer_id": "C97", "basket": [{"product_id": "P46", "price": 1712}, {"product_id": "P48", "price": 1570}], "date_of_purchase": "2018-12-21 08:51:00"}
{"customer_id": "C100", "basket": [{"product_id": "P06", "price": 496}, {"product_id": "P11", "price": 558}], "date_of_purchase": "2018-12-21 08:48:00"}
{"customer_id": "C102", "basket": [{"product_id": "P39", "price": 1935}, {"product_id": "P38", "price": 217}, {"product_id": "P37", "price": 1355}], "date_of_purchase": "2018-12-21 03:26:00"}
{"customer_id": "C103", "basket": [{"product_id": "P09", "price": 35}, {"product_id": "P01", "price": 499}], "date_of_purchase": "2018-12-21 23:46:00"}
{"customer_id": "C107", "basket": [{"product_id": "P12", "price": 226}], "date_of_purchase": "2018-12-21 18:35:00"}
{"customer_id": "C119", "basket": [{"product_id": "P22", "price": 1926}], "date_of_purchase": "2018-12-21 03:16:00"}
{"customer_id": "C123", "basket": [{"product_id": "P64", "price": 1282}], "date_of_purchase": "2018-12-21 07:49:00"}
