{"customer_id": "C9", "basket": [{"product_id": "P37", "price": 1926}, {"product_id": "P36", "price": 662}, {"product_id": "P36", "price": 901}], "date_of_purchase": "2018-12-01 19:23:00"}
{"customer_id": "C16", "basket": [{"product_id": "P35", "price": 1682}, {"product_id": "P39", "price": 1539}, {"product_id": "P39", "price": 1827}], "date_of_purchase": "2018-12-01 09:44:00"}
{"customer_id": "C23", "basket": [{"product_id": "P36", "price": 95}], "date_of_purchase": "2018-12-01 06:04:00"}
{"customer_id": "C30", "basket": [{"product_id": "P08", "price": 955}, {"product_id": "P02", "price": 1920}], "date_of_purchase": "2018-12-01 20:05:00"}
{"customer_id": "C51", "basket": [{"product_id": "P48", "price": 854}, {"product_id": "P42", "price": 1646}, {"product_id": "P41", "price": 364}], "date_of_purchase": "2018-12-01 22:01:00"}
{"customer_id": "C53", "basket": [{"product_id": "P29", "price": 186}, {"product_id": "P33", "price": 110}, {"product_id": "P33", "price": 1112}], "date_of_purchase": "2018-12-01 18:57:00"}
{"customer_id": "C61", "basket": [{"product_id": "P37", "price": 1075}], "date_of_purchase": "2018-12-01 10:46:00"}
{"customer_id": "C64", "basket": [{"product_id": "P22", "price": 1070}, {"product_id": "P28", "price": 1079}, {"product_id": "P26", "price": 1851}], "date_of_purchase": "2018-12-01 02:52:00"}
{"customer_id": "C70", "basket": [{"product_id": "P24", "price": 1663}, {"product_id": "P31", "price": 1566}, {"product_id": "P23", "price": 316}], "date_of_purchase": "2018-12-01 07:11:00"}
{"customer_id": "C71", "basket": [{"product_id": "P58", "price": 1018}, {"product_id": "P58", "price": 577}], "date_of_purchase": "2018-12-01 05:46:00"}
{"customer_id": "C75", "basket": [{"product_id": "P36", "price": 166}], "date_of_purchase": "2018-12-01 11:43:00"}
{"customer_id": "C90", "basket": [{"product_id": "P64", "price": 609}, {"product_id": "P62", "price": 1198}, {"product_id": "P61", "price": 1581}], "date_of_purchase": "2018-12-01 06:28:00"}
{"customer_id": "C93", "basket": [{"product_id": "P09", "price": 939}, {"product_id": "P02", "price": 1802}], "date_of_purchase": "2018-12-01 16:37:00"}
{"customer_id": "C96", "basket": [{"product_id": "P55", "price": 1981}], "date_of_purchase": "2018-12-01 09:29:00"}
{"customer_id": "C100", "basket": [{"product_id": "P22", "price": 1416}], "date_of_purchase": "2018-12-01 22:50:00"}
{"customer_id": "C108", "basket": [{"product_id": "P38", "price": 1936}, {"product_id": "P37", "price": 993}], "date_of_purchase": "2018-12-01 03:53:00"}
{"customer_id": "C113", "basket": [{"product_id": "P48", "price": 269}, {"product_id": "P51", "price": 1285}], "date_of_purchase": "2018-12-01 20:48:00"}
{"customer_id": "C114", "basket": [{"product_id": "P26", "price": 861}, {"product_id": "P34", "price": 1509}], "date_of_purchase": "2018-12-01 14:41:00"}
{"customer_id": "C119", "basket": [{"product_id": "P64", "price": 181}, {"product_id": "P64", "price": 1175}, {"product_id": "P61", "price": 612}], "date_of_purchase": "2018-12-01 22:23:00"}
{"customer_id": "C120", "basket": [{"product_id": "P06", "price": 1573}, {"product_id": "P03", "price": 410}, {"product_id": "P12", "price": 399}], "date_of_purchase": "2018-12-01 07:53:00"}
{"customer_id": "C130", "basket": [{"product_id": "P55", "price": 1554}, {"product_id": "P58", "price": 229}, {"product_id": "P43", "price": 1601}], "date_of_purchase": "2018-12-01 06:06:00"}
{"customer_id": "C131", "basket": [{"product_id": "P18", "price": 1206}, {"product_id": "P13", "price": 1698}, {"product_id": "P14", "price": 1308}], "date_of_purchase": "2018-12-01 16:12:00"}
{"customer_id": "C133", "basket": [{"product_id": "P52", "price": 272}, {"product_id": "P56", "price": 1391}], "date_of_purchase": "2018-12-01 18:38:00"}
