{"customer_id": "C9", "basket": [{"product_id": "P59", "price": 1154}, {"product_id": "P50", "price": 1709}], "date_of_purchase": "2019-01-06 21:42:00"}
{"customer_id": "C12", "basket": [{"product_id": "P61", "price": 1376}, {"product_id": "P61", "price": 1103}, {"product_id": "P64", "price": 82}], "date_of_purchase": "2019-01-06 15:37:00"}
{"customer_id": "C17", "basket": [{"product_id": "P31", "price": 649}], "date_of_purchase": "2019-01-06 08:41:00"}
{"customer_id": "C18", "basket": [{"product_id": "P42", "price": 1533}, {"product_id": "P48", "price": 54}, {"product_id": "P47", "price": 1848}], "date_of_purchase": "2019-01-06 21:13:00"}
{"customer_id": "C19", "basket": [{"product_id": "P04", "price": 1033}, {"product_id": "P09", "price": 1235}], "date_of_purchase": "2019-01-06 14:02:00"}
{"customer_id": "C22", "basket": [{"product_id": "P12", "price": 1783}, {"product_id": "P08", "price": 965}, {"product_id": "P08", "price": 506}], "date_of_purchase": "2019-01-06 03:04:00"}
{"customer_id": "C23", "basket": [{"product_id": "P35", "price": 350}, {"product_id": "P35", "price": 1461}, {"product_id": "P38", "price": 690}], "date_of_purchase": "2019-01-06 17:39:00"}
{"customer_id": "C25", "basket": [{"product_id": "P37", "price": 386}, {"product_id": "P40", "price": 1286}], "date_of_purchase": "2019-01-06 17:19:00"}
{"customer_id": "C42", "basket": [{"product_id": "P34", "price": 1249}], "date_of_purchase": "2019-01-06 11:13:00"}
{"customer_id": "C43", "basket": [{"product_id": "P52", "price": 473}, {"product_id": "P53", "price": 1961}, {"product_id": "P52", "price": 1337}], "date_of_purchase": "2019-01-06 07:48:00"}
{"customer_id": "C47", "basket": [{"product_id": "P59", "price": 858}], "date_of_purchase": "2019-01-06 14:06:00"}
{"customer_id": "C60", "basket": [{"product_id": "P07", "price": 1090}], "date_of_purchase": "2019-01-06 17:02:00"}
{"customer_id": "C65", "basket": [{"product_id": "P25", "price": 1121}], "date_of_purchase": "2019-01-06 12:55:00"}
{"customer_id": "C69", "basket": [{"product_id": "P22", "price": 298}, {"product_id": "P25", "price": 685}], "date_of_purchase": "2019-01-06 11:52:00"}
{"customer_id": "C75", "basket": [{"product_id": "P36", "price": 1405}, {"product_id": "P39", "price": 197}, {"product_id": "P36", "price": 1041}], "date_of_purchase": "2019-01-06 03:14:00"}
{"customer_id": "C80", "basket": [{"product_id": "P48", "price": 1808}, {"product_id": "P41", "price": 722}], "date_of_purchase": "2019-01-06 18:25:00"}
{"customer_id": "C84", "basket": [{"product_id": "P49", "price": 1275}, {"product_id": "P43", "price": 1425}, {"product_id": "P42", "price": 1977}], "date_of_purchase": "2019-01-06 08:17:00"}
{"customer_id": "C85", "basket": [{"product_id": "P29", "price": 924}, {"product_id": "P25", "price": 696}], "date_of_purchase": "2019-01-06 16:38:00"}
{"customer_id": "C89", "basket": [{"product_id": "P41", "price": 38}, {"product_id": "P58", "price": 75}], "date_of_purchase": "2019-01-06 20:51:00"}
{"customer_id": "C105", "basket": [{"product_id": "P55", "price": 1279}], "date_of_purchase": "2019-01-06 08:30:00"}
{"customer_id": "C120", "basket": [{"product_id": "P04", "price": 701}, {"product_id": "P07", "price": 1764}, {"product_id": "P08", "price": 1611}], "date_of_purchase": "2019-01-06 21:57:00"}
{"customer_id": "C130", "basket": [{"product_id": "P50", "price": 313}], "date_of_purchase": "2019-01-06 02:56:00"}
{"customer_id": "C131", "basket": [{"product_id": "P26", "price": 55}], "date_of_purchase": "2019-01-06 23:01:00"}
{"customer_id": "C134", "basket": [{"product_id": "P37", "price": 76}, {"product_id": "P40", "price": 102}], "date_of_purchase": "2019-01-06 04:44:00"}
{"customer_id": "C136", "basket": [{"product_id": "P63", "price": 1952}], "date_of_purchase": "2019-01-06 15:35:00"}
