{"customer_id": "C4", "basket": [{"product_id": "P30", "price": 1245}, {"product_id": "P28", "price": 931}, {"product_id": "P26", "price": 1874}], "date_of_purchase": "2019-01-11 15:57:00"}
{"customer_id": "C9", "basket": [{"product_id": "P55", "price": 1986}, {"product_id": "P47", "price": 216}, {"product_id": "P46", "price": 355}], "date_of_purchase": "2019-01-11 02:49:00"}
{"customer_id": "C17", "basket": [{"product_id": "P34", "price": 631}, {"product_id": "P25", "price": 785}], "date_of_purchase": "2019-01-11 14:08:00"}
{"customer_id": "C18", "basket": [{"product_id": "P53", "price": 1558}, {"product_id": "P57", "price": 841}], "date_of_purchase": "2019-01-11 09:28:00"}
{"customer_id": "C20", "basket": [{"product_id": "P29", "price": 1865}], "date_of_purchase": "2019-01-11 11:08:00"}
{"customer_id": "C23", "basket": [{"product_id": "P35", "price": 1957}, {"product_id": "P36", "price": 372}, {"product_id": "P38", "price": 1439}], "date_of_purchase": "2019-01-11 15:38:00"}
{"customer_id": "C27", "basket": [{"product_id": "P63", "price": 25}], "date_of_purchase": "2019-01-11 18:27:00"}
{"customer_id": "C34", "basket": [{"product_id": "P38", "price": 181}], "date_of_purchase": "2019-01-11 04:27:00"}
{"customer_id": "C62", "basket": [{"product_id": "P12", "price": 1849}, {"product_id": "P02", "price": 1908}], "date_of_purchase": "2019-01-11 11:36:00"}
{"customer_id": "C64", "basket": [{"product_id": "P32", "price": 1789}, {"product_id": "P31", "price": 38}], "date_of_purchase": "2019-01-11 10:01:00"}
{"customer_id": "C65", "basket": [{"product_id": "P22", "price": 1290}], "date_of_purchase": "2019-01-11 06:41:00"}
{"customer_id": "C66", "basket": [{"product_id": "P10", "price": 1778}, {"product_id": "P10", "price": 1356}], "date_of_purchase": "2019-01-11 08:57:00"}
{"customer_id": "C73", "basket": [{"product_id": "P29", "price": 1386}, {"product_id": "P34", "price": 527}], "date_of_purchase": "2019-01-11 15:44:00"}
{"customer_id": "C74", "basket": [{"product_id": "P39", "price": 57}], "date_of_purchase": "2019-01-11 23:13:00"}
{"customer_id": "C103", "basket": [{"product_id": "P64", "price": 198}], "date_of_purchase": "2019-01-11 16:42:00"}
{"customer_id": "C109", "basket": [{"product_id": "P20", "price": 1578}], "date_of_purchase": "2019-01-11 19:39:00"}
{"customer_id": "C116", "basket": [{"product_id": "P01", "price": 407}, {"product_id": "P02", "price": 1309}, {"product_id": "P12", "price": 29}], "date_of_purchase": "2019-01-11 17:07:00"}
{"customer_id": "C124", "basket": [{"product_id": "P62", "price": 256}, {"product_id": "P63", "price": 652}], "date_of_purchase": "2019-01-11 19:49:00"}
{"customer_id": "C131", "basket": [{"product_id": "P53", "price": 477}], "date_of_purchase": "2019-01-11 06:18:00"}
{"customer_id": "C132", "basket": [{"product_id": "P36", "price": 921}], "date_of_purchase": "2019-01-11 17:09:00"}
{"customer_id": "C137", "basket": [{"product_id": "P39", "price": 1913}, {"product_id": "P37", "price": 980}, {"product_id": "P40", "price": 1061}], "date_of_purchase": "2019-01-11 20:37:00"}
