{"customer_id": "C14", "basket": [{"product_id": "P23", "price": 133}], "date_of_purchase": "2019-01-10 23:17:00"}
{"customer_id": "C21", "basket": [{"product_id": "P09", "price": 605}, {"product_id": "P12", "price": 795}, {"product_id": "P11", "price": 817}], "date_of_purchase": "2019-01-10 21:56:00"}
{"customer_id": "C23", "basket": [{"product_id": "P39", "price": 1289}], "date_of_purchase": "2019-01-10 20:30:00"}
{"customer_id": "C26", "basket": [{"product_id": "P47", "price": 210}, {"product_id": "P55", "price": 1868}], "date_of_purchase": "2019-01-10 11:08:00"}
{"customer_id": "C28", "basket": [{"product_id": "P62", "price": 688}], "date_of_purchase": "2019-01-10 19:03:00"}
{"customer_id": "C30", "basket": [{"product_id": "P06", "price": 209}, {"product_id": "P08", "price": 995}, {"product_id": "P01", "price": 1431}], "date_of_purchase": "2019-01-10 05:14:00"}
{"customer_id": "C36", "basket": [{"product_id": "P62", "price": 892}, {"product_id": "P62", "price": 1218}], "date_of_purchase": "2019-01-10 04:56:00"}
{"customer_id": "C38", "basket": [{"product_id": "P61", "price": 1318}, {"product_id": "P61", "price": 498}], "date_of_purchase": "2019-01-10 23:20:00"}
{"customer_id": "C48", "basket": [{"product_id": "P09", "price": 1635}, {"product_id": "P01", "price": 374}], "date_of_purchase": "2019-01-10 10:30:00"}
{"customer_id": "C49", "basket": [{"product_id": "P23", "price": 39}], "date_of_purchase": "2019-01-10 22:16:00"}
{"customer_id": "C58", "basket": [{"product_id": "P13", "price": 83}, {"product_id": "P18", "price": 1090}], "date_of_purchase": "2019-01-10 20:07:00"}
{"customer_id": "C61", "basket": [{"product_id": "P38", "price": 1665}, {"product_id": "P35", "price": 1924}], "date_of_purchase": "2019-01-10 02:55:00"}
{"customer_id": "C91", "basket": [{"product_id": "P09", "price": 1228}, {"product_id": "P01", "price": 1714}, {"product_id": "P08", "price": 1584}], "date_of_purchase": "2019-01-10 21:23:00"}
{"customer_id": "C92", "basket": [{"product_id": "P24", "price": 1160}], "date_of_purchase": "2019-01-10 08:43:00"}
{"customer_id": "C97", "basket": [{"product_id": "P23", "price": 1775}, {"product_id": "P24", "price": 393}], "date_of_purchase": "2019-01-10 21:10:00"}
{"customer_id": "C98", "basket": [{"product_id": "P48", "price": 548}, {"product_id": "P49", "price": 688}], "date_of_purchase": "2019-01-10 22:41:00"}
{"customer_id": "C112", "basket": [{"product_id": "P24", "price": 719}, {"product_id": "P33", "price": 513}, {"product_id": "P27", "price": 1440}], "date_of_purchase": "2019-01-10 06:56:00"}
{"customer_id": "C113", "basket": [{"product_id": "P31", "price": 1582}, {"product_id": "P23", "price": 724}], "date_of_purchase": "2019-01-10 14:52:00"}
{"customer_id": "C124", "basket": [{"product_id": "P63", "price": 312}, {"product_id": "P64", "price": 1355}], "date_of_purchase": "2019-01-10 12:10:00"}
{"customer_id": "C128", "basket": [{"product_id": "P45", "price": 272}, {"product_id": "P43", "price": 933}, {"product_id": "P58", "price": 410}], "date_of_purchase": "2019-01-10 20:34:00"}
{"customer_id": "C130", "basket": [{"product_id": "P39", "price": 1724}, {"product_id": "P39", "price": 1850}], "date_of_purchase": "2019-01-10 14:59:00"}
{"customer_id": "C133", "basket": [{"product_id": "P45", "price": 1237}], "date_of_purchase": "2019-01-10 03:50:00"}
{"customer_id": "C134", "basket": [{"product_id": "P40", "price": 2000}, {"product_id": "P35", "price": 1777}], "date_of_purchase": "2019-01-10 07:19:00"}
{"customer_id": "C135", "basket": [{"product_id": "P39", "price": 488}, {"product_id": "P39", "price": 384}], "date_of_purchase": "2019-01-10 18:09:00"}
