{"customer_id": "C1", "basket": [{"product_id": "P31", "price": 1253}, {"product_id": "P34", "price": 1468}, {"product_id": "P25", "price": 1882}], "date_of_purchase": "2019-01-18 04:35:00"}
{"customer_id": "C2", "basket": [{"product_id": "P64", "price": 1515}, {"product_id": "P62", "price": 1189}], "date_of_purchase": "2019-01-18 18:23:00"}
{"customer_id": "C23", "basket": [{"product_id": "P38", "price": 471}], "date_of_purchase": "2019-01-18 16:14:00"}
{"customer_id": "C30", "basket": [{"product_id": "P39", "price": 274}], "date_of_purchase": "2019-01-18 09:05:00"}
{"customer_id": "C32", "basket": [{"product_id": "P46", "price": 431}], "date_of_purchase": "2019-01-18 12:06:00"}
{"customer_id": "C43", "basket": [{"product_id": "P64", "price": 924}], "date_of_purchase": "2019-01-18 05:23:00"}
{"customer_id": "C56", "basket": [{"product_id": "P18", "price": 251}], "date_of_purchase": "2019-01-18 20:23:00"}
{"customer_id": "C59", "basket": [{"product_id": "P52", "price": 337}, {"product_id": "P44", "price": 936}, {"product_id": "P60", "price": 1493}], "date_of_purchase": "2019-01-18 09:59:00"}
{"customer_id": "C62", "basket": [{"product_id": "P50", "price": 1557}, {"product_id": "P60", "price": 538}], "date_of_purchase": "2019-01-18 20:24:00"}
{"customer_id": "C65", "basket": [{"product_id": "P34", "price": 424}, {"product_id": "P27", "price": 630}], "date_of_purchase": "2019-01-18 04:37:00"}
{"customer_id": "C71", "basket": [{"product_id": "P46", "price": 70}], "date_of_purchase": "2019-01-18 16:48:00"}
{"customer_id": "C81", "basket": [{"product_id": "P15", "price": 1020}], "date_of_purchase": "2019-01-18 23:19:00"}
{"customer_id": "C85", "basket": [{"product_id": "P49", "price": 176}, {"product_id": "P51", "price": 658}, {"product_id": "P48", "price": 1887}], "date_of_purchase": "2019-01-18 17:59:00"}
{"customer_id": "C87", "basket": [{"product_id": "P29", "price": 153}, {"product_id": "P34", "price": 1937}, {"product_id": "P34", "price": 1549}], "date_of_purchase": "2019-01-18 05:39:00"}
{"customer_id": "C95", "basket": [{"product_id": "P26", "price": 1245}, {"product_id": "P28", "price": 1337}, {"product_id": "P28", "price": 1662}], "date_of_purchase": "2019-01-18 14:26:00"}
{"customer_id": "C98", "basket": [{"product_id": "P41", "price": 1964}, {"product_id": "P49", "price": 702}], "date_of_purchase": "2019-01-18 05:55:00"}
{"customer_id": "C104", "basket": [{"product_id": "P39", "price": 1659}, {"product_id": "P35", "price": 837}], "date_of_purchase": "2019-01-18 23:00:00"}
{"customer_id": "C107", "basket": [{"product_id": "P04", "price": 93}, {"product_id": "P07", "price": 1237}], "date_of_purchase": "2019-01-18 23:37:00"}
{"customer_id": "C110", "basket": [{"product_id": "P44", "price": 798}, {"product_id": "P57", "price": 1720}, {"product_id": "P51", "price": 66}], "date_of_purchase": "2019-01-18 08:21:00"}
{"customer_id": "C113", "basket": [{"product_id": "P27", "price": 24}], "date_of_purchase": "2019-01-18 14:38:00"}
{"customer_id": "C115", "basket": [{"product_id": "P37", "price": 1742}, {"product_id": "P40", "price": 1863}], "date_of_purchase": "2019-01-18 12:07:00"}
{"customer_id": "C117", "basket": [{"product_id": "P59", "price": 415}, {"product_id": "P48", "price": 745}], "date_of_purchase": "2019-01-18 14:51:00"}
{"customer_id": "C120", "basket": [{"product_id": "P12", "price": 2000}, {"product_id": "P03", "price": 1493}, {"product_id": "P11", "price": 629}], "date_of_purchase": "2019-01-18 04:48:00"}
{"customer_id": "C122", "basket": [{"product_id": "P24", "price": 1189}], "date_of_purchase": "2019-01-18 12:26:00"}
{"customer_id": "C128", "basket": [{"product_id": "P04", "price": 1331}, {"product_id": "P11", "price": 1501}], "date_of_purchase": "2019-01-18 12:15:00"}
{"customer_id": "C129", "basket": [{"product_id": "P25", "price": 1629}, {"product_id": "P23", "price": 556}, {"product_id": "P31", "price": 67}], "date_of_purchase": "2019-01-18 15:38:00"}
{"customer_id": "C131", "basket": [{"product_id": "P12", "price": 372}, {"product_id": "P08", "price": 1807}, {"product_id": "P12", "price": 1175}], "date_of_purchase": "2019-01-18 21:19:00"}
