{"customer_id": "C4", "basket": [{"product_id": "P33", "price": 1871}], "date_of_purchase": "2019-02-09 20:32:00"}
{"customer_id": "C11", "basket": [{"product_id": "P39", "price": 1901}], "date_of_purchase": "2019-02-09 23:45:00"}
{"customer_id": "C12", "basket": [{"product_id": "P45", "price": 591}], "date_of_purchase": "2019-02-09 17:28:00"}
{"customer_id": "C21", "basket": [{"product_id": "P62", "price": 237}, {"product_id": "P64", "price": 1907}], "date_of_purchase": "2019-02-09 14:01:00"}
{"customer_id": "C23", "basket": [{"product_id": "P36", "price": 1418}], "date_of_purchase": "2019-02-09 13:42:00"}
{"customer_id": "C35", "basket": [{"product_id": "P45", "price": 1387}, {"product_id": "P58", "price": 1146}], "date_of_purchase": "2019-02-09 06:52:00"}
{"customer_id": "C40", "basket": [{"product_id": "P52", "price": 613}], "date_of_purchase": "2019-02-09 15:16:00"}
{"customer_id": "C42", "basket": [{"product_id": "P25", "price": 1786}, {"product_id": "P30", "price": 1712}], "date_of_purchase": "2019-02-09 12:46:00"}
{"customer_id": "C44", "basket": [{"product_id": "P35", "price": 551}], "date_of_purchase": "2019-02-09 15:59:00"}
{"customer_id": "C49", "basket": [{"product_id": "P64", "price": 198}], "date_of_purchase": "2019-02-09 03:40:00"}
{"customer_id": "C55", "basket": [{"product_id": "P21", "price": 370}], "date_of_purchase": "2019-02-09 17:32:00"}
{"customer_id": "C65", "basket": [{"product_id": "P38", "price": 123}, {"product_id": "P35", "price": 199}], "date_of_purchase": "2019-02-09 05:56:00"}
{"customer_id": "C68", "basket": [{"product_id": "P49", "price": 1705}], "date_of_purchase": "2019-02-09 08:31:00"}
{"customer_id": "C77", "basket": [{"product_id": "P45", "price": 1508}, {"product_id": "P58", "price": 1015}], "date_of_purchase": "2019-02-09 21:12:00"}
{"customer_id": "C78", "basket": [{"product_id": "P04", "price": 575}], "date_of_purchase": "2019-02-09 03:24:00"}
{"customer_id": "C82", "basket": [{"product_id": "P33", "price": 760}, {"product_id": "P26", "price": 664}], "date_of_purchase": "2019-02-09 16:47:00"}
{"customer_id": "C84", "basket": [{"product_id": "P45", "price": 1860}, {"product_id": "P47", "price": 1292}, {"product_id": "P45", "price": 1485}], "date_of_purchase": "2019-02-09 10:45:00"}
{"customer_id": "C95", "basket": [{"product_id": "P62", "price": 558}, {"product_id": "P62", "price": 1096}, {"product_id": "P63", "price": 272}], "date_of_purchase": "2019-02-09 16:58:00"}
{"customer_id": "C96", "basket": [{"product_id": "P38", "price": 1163}], "date_of_purchase": "2019-02-09 16:56:00"}
{"customer_id": "C101", "basket": [{"product_id": "P19", "price": 1919}, {"product_id": "P13", "price": 827}, {"product_id": "P17", "price": 292}], "date_of_purchase": "2019-02-09 12:24:00"}
{"customer_id": "C109", "basket": [{"product_id": "P53", "price": 1}, {"product_id": "P56", "price": 379}, {"product_id": "P58", "price": 483}], "date_of_purchase": "2019-02-09 12:36:00"}
{"customer_id": "C117", "basket": [{"product_id": "P27", "price": 1191}, {"product_id": "P26", "price": 376}, {"product_id": "P33", "price": 186}], "date_of_purchase": "2019-02-09 16:53:00"}
{"customer_id": "C120", "basket": [{"product_id": "P08", "price": 1519}, {"product_id": "P10", "price": 1291}, {"product_id": "P12", "price": 1694}], "date_of_purchase": "2019-02-09 13:46:00"}
{"customer_id": "C130", "basket": [{"product_id": "P57", "price": 241}, {"product_id": "P44", "price": 186}, {"product_id": "P59", "price": 525}], "date_of_purchase": "2019-02-09 05:39:00"}
{"customer_id": "C136", "basket": [{"product_id": "P28", "price": 38}, {"product_id": "P26", "price": 1476}, {"product_id": "P33", "price": 1073}], "date_of_purchase": "2019-02-09 11:21:00"}
