{"customer_id": "C2", "basket": [{"product_id": "P63", "price": 1487}, {"product_id": "P63", "price": 974}, {"product_id": "P61", "price": 1947}], "date_of_purchase": "2019-01-03 06:02:00"}
{"customer_id": "C8", "basket": [{"product_id": "P18", "price": 455}], "date_of_purchase": "2019-01-03 07:02:00"}
{"customer_id": "C14", "basket": [{"product_id": "P46", "price": 128}], "date_of_purchase": "2019-01-03 04:51:00"}
{"customer_id": "C26", "basket": [{"product_id": "P62", "price": 117}, {"product_id": "P61", "price": 707}, {"product_id": "P64", "price": 852}], "date_of_purchase": "2019-01-03 03:45:00"}
{"customer_id": "C32", "basket": [{"product_id": "P49", "price": 1161}], "date_of_purchase": "2019-01-03 05:46:00"}
{"customer_id": "C34", "basket": [{"product_id": "P37", "price": 1446}, {"product_id": "P39", "price": 1873}, {"product_id": "P39", "price": 1122}], "date_of_purchase": "2019-01-03 22:37:00"}
{"customer_id": "C35", "basket": [{"product_id": "P52", "price": 1473}, {"product_id": "P51", "price": 1207}], "date_of_purchase": "2019-01-03 03:41:00"}
{"customer_id": "C61", "basket": [{"product_id": "P53", "price": 1767}, {"product_id": "P55", "price": 162}], "date_of_purchase": "2019-01-03 20:06:00"}
{"customer_id": "C62", "basket": [{"product_id": "P50", "price": 1696}, {"product_id": "P43", "price": 1990}], "date_of_purchase": "2019-01-03 17:12:00"}
{"customer_id": "C63", "basket": [{"product_id": "P23", "price": 1327}, {"product_id": "P27", "price": 1644}], "date_of_purchase": "2019-01-03 13:31:00"}
{"customer_id": "C66", "basket": [{"product_id": "P06", "price": 1241}, {"product_id": "P05", "price": 1777}, {"product_id": "P08", "price": 243}], "date_of_purchase": "2019-01-03 06:01:00"}
{"customer_id": "C67", "basket": [{"product_id": "P28", "price": 549}, {"product_id": "P23", "price": 1704}], "date_of_purchase": "2019-01-03 19:46:00"}
{"customer_id": "C75", "basket": [{"product_id": "P40", "price": 1097}, {"product_id": "P37", "price": 1843}], "date_of_purchase": "2019-01-03 08:59:00"}
{"customer_id": "C76", "basket": [{"product_id": "P34", "price": 1021}, {"product_id": "P27", "price": 43}, {"product_id": "P30", "price": 1460}], "date_of_purchase": "2019-01-03 06:22:00"}
{"customer_id": "C88", "basket": [{"product_id": "P40", "price": 727}, {"product_id": "P35", "price": 1796}, {"product_id": "P38", "price": 1487}], "date_of_purchase": "2019-01-03 05:26:00"}
{"customer_id": "C91", "basket": [{"product_id": "P02", "price": 1100}, {"product_id": "P04", "price": 1861}], "date_of_purchase": "2019-01-03 21:28:00"}
{"customer_id": "C92", "basket": [{"product_id": "P33", "price": 1574}, {"product_id": "P26", "price": 1514}], "date_of_purchase": "2019-01-03 20:53:00"}
{"customer_id": "C93", "basket": [{"product_id": "P26", "price": 150}, {"product_id": "P33", "price": 1818}], "date_of_purchase": "2019-01-03 15:26:00"}
{"customer_id": "C100", "basket": [{"product_id": "P27", "price": 308}], "date_of_purchase": "2019-01-03 11:37:00"}
{"customer_id": "C108", "basket": [{"product_id": "P22", "price": 967}, {"product_id": "P34", "price": 1159}, {"product_id": "P22", "price": 1997}], "date_of_purchase": "2019-01-03 03:13:00"}
{"customer_id": "C109", "basket": [{"product_id": "P55", "price": 860}, {"product_id": "P53", "price": 1180}, {"product_id": "P51", "price": 113}], "date_of_purchase": "2019-01-03 11:46:00"}
{"customer_id": "C111", "basket": [{"product_id": "P32", "price": 306}], "date_of_purchase": "2019-01-03 07:44:00"}
{"customer_id": "C114", "basket": [{"product_id": "P60", "price": 557}, {"product_id": "P50", "price": 1821}, {"product_id": "P42", "price": 1916}], "date_of_purchase": "2019-01-03 11:36:00"}
{"customer_id": "C125", "basket": [{"product_id": "P40", "price": 1063}, {"product_id": "P40", "price": 1315}], "date_of_purchase": "2019-01-03 17:25:00"}
{"customer_id": "C126", "basket": [{"product_id": "P35", "price": 1221}, {"product_id": "P39", "price": 705}], "date_of_purchase": "2019-01-03 05:11:00"}
{"customer_id": "C129", "basket": [{"product_id": "P35", "price": 748}, {"product_id": "P36", "price": 1430}], "date_of_purchase": "2019-01-03 22:23:00"}
