{"customer_id": "C2", "basket": [{"product_id": "P51", "price": 1582}, {"product_id": "P51", "price": 1722}, {"product_id": "P43", "price": 263}], "date_of_purchase": "2019-01-25 12:38:00"}
{"customer_id": "C8", "basket": [{"product_id": "P15", "price": 161}, {"product_id": "P18", "price": 185}, {"product_id": "P20", "price": 1802}], "date_of_purchase": "2019-01-25 09:23:00"}
{"customer_id": "C24", "basket": [{"product_id": "P04", "price": 1292}, {"product_id": "P02", "price": 1341}], "date_of_purchase": "2019-01-25 21:19:00"}
{"customer_id": "C35", "basket": [{"product_id": "P57", "price": 1876}], "date_of_purchase": "2019-01-25 03:23:00"}
{"customer_id": "C36", "basket": [{"product_id": "P63", "price": 1701}, {"product_id": "P61", "price": 73}, {"product_id": "P62", "price": 325}], "date_of_purchase": "2019-01-25 12:32:00"}
{"customer_id": "C44", "basket": [{"product_id": "P40", "price": 1378}], "date_of_purchase": "2019-01-25 13:21:00"}
{"customer_id": "C45", "basket": [{"product_id": "P28", "price": 114}, {"product_id": "P30", "price": 562}, {"product_id": "P23", "price": 762}], "date_of_purchase": "2019-01-25 09:09:00"}
{"customer_id": "C47", "basket": [{"product_id": "P51", "price": 1307}], "date_of_purchase": "2019-01-25 11:08:00"}
{"customer_id": "C60", "basket": [{"product_id": "P61", "price": 241}, {"product_id": "P63", "price": 1231}], "date_of_purchase": "2019-01-25 16:55:00"}
{"customer_id": "C69", "basket": [{"product_id": "P64", "price": 1267}], "date_of_purchase": "2019-01-25 03:29:00"}
{"customer_id": "C77", "basket": [{"product_id": "P43", "price": 1144}], "date_of_purchase": "2019-01-25 04:00:00"}
{"customer_id": "C78", "basket": [{"product_id": "P03", "price": 1887}], "date_of_purchase": "2019-01-25 14:21:00"}
{"customer_id": "C79", "basket": [{"product_id": "P42", "price": 902}, {"product_id": "P57", "price": 1541}], "date_of_purchase": "2019-01-25 03:37:00"}
{"customer_id": "C81", "basket": [{"product_id": "P24", "price": 1036}, {"product_id": "P29", "price": 1291}, {"product_id": "P25", "price": 1165}], "date_of_purchase": "2019-01-25 03:13:00"}
{"customer_id": "C82", "basket": [{"product_id": "P64", "price": 1620}, {"product_id": "P64", "price": 134}, {"product_id": "P62", "price": 321}], "date_of_purchase": "2019-01-25 11:43:00"}
{"customer_id": "C83", "basket": [{"product_id": "P44", "price": 1432}, {"product_id": "P45", "price": 486}], "date_of_purchase": "2019-01-25 07:40:00"}
{"customer_id": "C85", "basket": [{"product_id": "P27", "price": 607}, {"product_id": "P23", "price": 1385}], "date_of_purchase": "2019-01-25 20:20:00"}
{"customer_id": "C100", "basket": [{"product_id": "P49", "price": 559}, {"product_id": "P46", "price": 1806}], "date_of_purchase": "2019-01-25 02:56:00"}
{"customer_id": "C101", "basket": [{"product_id": "P14", "price": 1562}], "date_of_purchase": "2019-01-25 21:37:00"}
{"customer_id": "C102", "basket": [{"product_id": "P30", "price": 26}], "date_of_purchase": "2019-01-25 03:26:00"}
{"customer_id": "C110", "basket": [{"product_id": "P45", "price": 1917}, {"product_id": "P58", "price": 1598}, {"product_id": "P49", "price": 784}], "date_of_purchase": "2019-01-25 09:06:00"}
{"customer_id": "C119", "basket": [{"product_id": "P31", "price": 1562}], "date_of_purchase": "2019-01-25 15:01:00"}
{"customer_id": "C120", "basket": [{"product_id": "P01", "price": 1762}, {"product_id": "P05", "price": 1223}], "date_of_purchase": "2019-01-25 15:07:00"}
{"customer_id": "C125", "basket": [{"product_id": "P01", "price": 836}, {"product_id": "P05", "price": 1458}], "date_of_purchase": "2019-01-25 07:59:00"}
{"customer_id": "C127", "basket": [{"product_id": "P23", "price": 198}, {"product_id": "P28", "price": 509}, {"product_id": "P27", "price": 268}], "date_of_purchase": "2019-01-25 05:14:00"}
{"customer_id": "C134", "basket": [{"product_id": "P10", "price": 1927}], "date_of_purchase": "2019-01-25 06:47:00"}
