{"customer_id": "C2", "basket": [{"product_id": "P15", "price": 1688}, {"product_id": "P13", "price": 570}], "date_of_purchase": "2018-12-22 15:16:00"}
{"customer_id": "C13", "basket": [{"product_id": "P63", "price": 1238}, {"product_id": "P63", "price": 765}], "date_of_purchase": "2018-12-22 09:46:00"}
{"customer_id": "C14", "basket": [{"product_id": "P23", "price": 1334}, {"product_id": "P33", "price": 1412}, {"product_id": "P26", "price": 1641}], "date_of_purchase": "2018-12-22 19:48:00"}
{"customer_id": "C20", "basket": [{"product_id": "P33", "price": 1193}, {"product_id": "P33", "price": 749}, {"product_id": "P31", "price": 1721}], "date_of_purchase": "2018-12-22 20:10:00"}
{"customer_id": "C22", "basket": [{"product_id": "P60", "price": 1214}], "date_of_purchase": "2018-12-22 20:40:00"}
{"customer_id": "C29", "basket": [{"product_id": "P17", "price": 930}], "date_of_purchase": "2018-12-22 16:30:00"}
{"customer_id": "C34", "basket": [{"product_id": "P19", "price": 1701}], "date_of_purchase": "2018-12-22 04:58:00"}
{"customer_id": "C35", "basket": [{"product_id": "P44", "price": 955}, {"product_id": "P60", "price": 69}], "date_of_purchase": "2018-12-22 05:46:00"}
{"customer_id": "C47", "basket": [{"product_id": "P41", "price": 1082}, {"product_id": "P46", "price": 1284}, {"product_id": "P53", "price": 115}], "date_of_purchase": "2018-12-22 20:09:00"}
{"customer_id": "C48", "basket": [{"product_id": "P04", "price": 323}, {"product_id": "P05", "price": 832}], "date_of_purchase": "2018-12-22 06:49:00"}
{"customer_id": "C57", "basket": [{"product_id": "P17", "price": 1845}], "date_of_purchase": "2018-12-22 20:26:00"}
{"customer_id": "C61", "basket": [{"product_id": "P57", "price": 788}, {"product_id": "P58", "price": 587}], "date_of_purchase": "2018-12-22 09:11:00"}
{"customer_id": "C62", "basket": [{"product_id": "P28", "price": 1239}, {"product_id": "P23", "price": 642}], "date_of_purchase": "2018-12-22 10:02:00"}
{"customer_id": "C67", "basket": [{"product_id": "P45", "price": 534}, {"product_id": "P59", "price": 696}, {"product_id": "P46", "price": 1757}], "date_of_purchase": "2018-12-22 13:54:00"}
{"customer_id": "C70", "basket": [{"product_id": "P37", "price": 363}, {"product_id": "P37", "price": 724}, {"product_id": "P35", "price": 875}], "date_of_purchase": "2018-12-22 04:40:00"}
{"customer_id": "C100", "basket": [{"product_id": "P41", "price": 140}, {"product_id": "P43", "price": 1917}, {"product_id": "P58", "price": 708}], "date_of_purchase": "2018-12-22 19:06:00"}
{"customer_id": "C103", "basket": [{"product_id": "P05", "price": 1550}], "date_of_purchase": "2018-12-22 10:22:00"}
{"customer_id": "C112", "basket": [{"product_id": "P36", "price": 1703}, {"product_id": "P38", "price": 1725}], "date_of_purchase": "2018-12-22 10:30:00"}
{"customer_id": "C116", "basket": [{"product_id": "P61", "price": 1628}, {"product_id": "P63", "price": 917}, {"product_id": "P63", "price": 57}], "date_of_purchase": "2018-12-22 17:11:00"}
{"customer_id": "C117", "basket": [{"product_id": "P23", "price": 1254}], "date_of_purchase": "2018-12-22 12:27:00"}
{"customer_id": "C131", "basket": [{"product_id": "P21", "price": 956}, {"product_id": "P21", "price": 1554}], "date_of_purchase": "2018-12-22 10:07:00"}
{"customer_id": "C134", "basket": [{"product_id": "P05", "price": 1346}], "date_of_purchase": "2018-12-22 23:41:00"}
