{"customer_id": "C1", "basket": [{"product_id": "P29", "price": 1133}, {"product_id": "P32", "price": 1135}], "date_of_purchase": "2019-01-26 05:23:00"}
{"customer_id": "C4", "basket": [{"product_id": "P25", "price": 1977}, {"product_id": "P26", "price": 1967}, {"product_id": "P31", "price": 670}], "date_of_purchase": "2019-01-26 17:24:00"}
{"customer_id": "C17", "basket": [{"product_id": "P45", "price": 1321}, {"product_id": "P58", "price": 92}, {"product_id": "P49", "price": 907}], "date_of_purchase": "2019-01-26 10:29:00"}
{"customer_id": "C21", "basket": [{"product_id": "P07", "price": 227}], "date_of_purchase": "2019-01-26 03:04:00"}
{"customer_id": "C23", "basket": [{"product_id": "P39", "price": 96}, {"product_id": "P37", "price": 1553}, {"product_id": "P36", "price": 1464}], "date_of_purchase": "2019-01-26 19:53:00"}
{"customer_id": "C26", "basket": [{"product_id": "P36", "price": 1209}], "date_of_purchase": "2019-01-26 18:13:00"}
{"customer_id": "C27", "basket": [{"product_id": "P43", "price": 1454}], "date_of_purchase": "2019-01-26 15:29:00"}
{"customer_id": "C28", "basket": [{"product_id": "P63", "price": 485}, {"product_id": "P63", "price": 427}], "date_of_purchase": "2019-01-26 10:46:00"}
{"customer_id": "C32", "basket": [{"product_id": "P51", "price": 1359}], "date_of_purchase": "2019-01-26 05:21:00"}
{"customer_id": "C35", "basket": [{"product_id": "P60", "price": 673}, {"product_id": "P56", "price": 1114}], "date_of_purchase": "2019-01-26 23:20:00"}
{"customer_id": "C48", "basket": [{"product_id": "P12", "price": 43}, {"product_id": "P06", "price": 1850}], "date_of_purchase": "2019-01-26 15:38:00"}
{"customer_id": "C51", "basket": [{"product_id": "P59", "price": 356}], "date_of_purchase": "2019-01-26 17:02:00"}
{"customer_id": "C52", "basket": [{"product_id": "P52", "price": 674}, {"product_id": "P48", "price": 1318}, {"product_id": "P48", "price": 1695}], "date_of_purchase": "2019-01-26 03:00:00"}
{"customer_id": "C60", "basket": [{"product_id": "P31", "price": 1753}, {"product_id": "P22", "price": 983}], "date_of_purchase": "2019-01-26 12:26:00"}
{"customer_id": "C62", "basket": [{"product_id": "P09", "price": 1721}, {"product_id": "P07", "price": 1982}], "date_of_purchase": "2019-01-26 14:31:00"}
{"customer_id": "C63", "basket": [{"product_id": "P25", "price": 179}, {"product_id": "P24", "price": 1425}, {"product_id": "P28", "price": 1150}], "date_of_purchase": "2019-01-26 17:24:00"}
{"customer_id": "C65", "basket": [{"product_id": "P39", "price": 1541}, {"product_id": "P36", "price": 1586}, {"product_id": "P39", "price": 1853}], "date_of_purchase": "2019-01-26 04:10:00"}
{"customer_id": "C82", "basket": [{"product_id": "P62", "price": 138}, {"product_id": "P63", "price": 243}], "date_of_purchase": "2019-01-26 21:54:00"}
{"customer_id": "C109", "basket": [{"product_id": "P60", "price": 251}, {"product_id": "P48", "price": 1496}, {"product_id": "P60", "price": 177}], "date_of_purchase": "2019-01-26 16:07:00"}
{"customer_id": "C112", "basket": [{"product_id": "P38", "price": 727}, {"product_id": "P38", "price": 859}, {"product_id": "P35", "price": 707}], "date_of_purchase": "2019-01-26 12:09:00"}
{"customer_id": "C121", "basket": [{"product_id": "P45", "price": 1114}], "date_of_purchase": "2019-01-26 12:32:00"}
{"customer_id": "C134", "basket": [{"product_id": "P36", "price": 427}, {"product_id": "P39", "price": 584}, {"product_id": "P37", "price": 454}], "date_of_purchase": "2019-01-26 12:44:00"}
{"customer_id": "C135", "basket": [{"product_id": "P25", "price": 1264}, {"product_id": "P26", "price": 768}, {"product_id": "P27", "price": 151}], "date_of_purchase": "2019-01-26 16:43:00"}
