{"customer_id": "C5", "basket": [{"product_id": "P26", "price": 1352}, {"product_id": "P33", "price": 218}, {"product_id": "P33", "price": 8}], "date_of_purchase": "2019-02-01 15:56:00"}
{"customer_id": "C7", "basket": [{"product_id": "P47", "price": 1880}, {"product_id": "P44", "price": 1562}, {"product_id": "P42", "price": 1076}], "date_of_purchase": "2019-02-01 19:44:00"}
{"customer_id": "C14", "basket": [{"product_id": "P58", "price": 538}, {"product_id": "P60", "price": 1180}, {"product_id": "P60", "price": 1400}], "date_of_purchase": "2019-02-01 21:59:00"}
{"customer_id": "C17", "basket": [{"product_id": "P33", "price": 1671}, {"product_id": "P25", "price": 204}, {"product_id": "P24", "price": 60}], "date_of_purchase": "2019-02-01 13:34:00"}
{"customer_id": "C39", "basket": [{"product_id": "P36", "price": 1402}, {"product_id": "P39", "price": 47}, {"product_id": "P37", "price": 165}], "date_of_purchase": "2019-02-01 13:29:00"}
{"customer_id": "C41", "basket": [{"product_id": "P23", "price": 1111}], "date_of_purchase": "2019-02-01 11:10:00"}
{"customer_id": "C42", "basket": [{"product_id": "P05", "price": 710}], "date_of_purchase": "2019-02-01 13:10:00"}
{"customer_id": "C48", "basket": [{"product_id": "P39", "price": 347}, {"product_id": "P40", "price": 1471}], "date_of_purchase": "2019-02-01 16:21:00"}
{"customer_id": "C50", "basket": [{"product_id": "P47", "price": 1407}, {"product_id": "P50", "price": 1528}], "date_of_purchase": "2019-02-01 15:55:00"}
{"customer_id": "C53", "basket": [{"product_id": "P13", "price": 1824}, {"product_id": "P17", "price": 177}, {"product_id": "P18", "price": 615}], "date_of_purchase": "2019-02-01 03:08:00"}
{"customer_id": "C56", "basket": [{"product_id": "P61", "price": 73}], "date_of_purchase": "2019-02-01 12:29:00"}
{"customer_id": "C82", "basket": [{"product_id": "P32", "price": 729}, {"product_id": "P33", "price": 1989}, {"product_id": "P30", "price": 613}], "date_of_purchase": "2019-02-01 16:11:00"}
{"customer_id": "C86", "basket": [{"product_id": "P36", "price": 1723}, {"product_id": "P35", "price": 891}, {"product_id": "P35", "price": 1983}], "date_of_purchase": "2019-02-01 23:44:00"}
{"customer_id": "C94", "basket": [{"product_id": "P61", "price": 1505}], "date_of_purchase": "2019-02-01 19:09:00"}
{"customer_id": "C96", "basket": [{"product_id": "P23", "price": 705}, {"product_id": "P32", "price": 1553}, {"product_id": "P23", "price": 556}], "date_of_purchase": "2019-02-01 17:48:00"}
{"customer_id": "C107", "basket": [{"product_id": "P40", "price": 1678}, {"product_id": "P38", "price": 1177}], "date_of_purchase": "2019-02-01 07:03:00"}
{"customer_id": "C112", "basket": [{"product_id": "P36", "price": 1290}, {"product_id": "P40", "price": 1409}, {"product_id": "P38", "price": 1902}], "date_of_purchase": "2019-02-01 23:55:00"}
{"customer_id": "C120", "basket": [{"product_id": "P12", "price": 1298}, {"product_id": "P11", "price": 1097}, {"product_id": "P01", "price": 1423}], "date_of_purchase": "2019-02-01 18:49:00"}
{"customer_id": "C121", "basket": [{"product_id": "P58", "price": 144}, {"product_id": "P50", "price": 790}], "date_of_purchase": "2019-02-01 16:01:00"}
{"customer_id": "C128", "basket": [{"product_id": "P03", "price": 1159}], "date_of_purchase": "2019-02-01 06:42:00"}
{"customer_id": "C131", "basket": [{"product_id": "P56", "price": 1094}, {"product_id": "P47", "price": 1256}, {"product_id": "P47", "price": 1127}], "date_of_purchase": "2019-02-01 10:55:00"}
{"customer_id": "C134", "basket": [{"product_id": "P39", "price": 1207}, {"product_id": "P37", "price": 99}], "date_of_purchase": "2019-02-01 08:38:00"}
