{"customer_id": "C2", "basket": [{"product_id": "P15", "price": 1761}, {"product_id": "P19", "price": 984}, {"product_id": "P18", "price": 502}], "date_of_purchase": "2019-02-26 16:34:00"}
{"customer_id": "C5", "basket": [{"product_id": "P34", "price": 1519}], "date_of_purchase": "2019-02-26 08:10:00"}
{"customer_id": "C6", "basket": [{"product_id": "P39", "price": 858}, {"product_id": "P38", "price": 1435}, {"product_id": "P36", "price": 1078}], "date_of_purchase": "2019-02-26 17:12:00"}
{"customer_id": "C7", "basket": [{"product_id": "P53", "price": 1572}, {"product_id": "P55", "price": 1726}, {"product_id": "P44", "price": 216}], "date_of_purchase": "2019-02-26 03:12:00"}
{"customer_id": "C12", "basket": [{"product_id": "P64", "price": 1950}, {"product_id": "P64", "price": 151}, {"product_id": "P64", "price": 990}], "date_of_purchase": "2019-02-26 23:32:00"}
{"customer_id": "C22", "basket": [{"product_id": "P27", "price": 1108}, {"product_id": "P31", "price": 1627}], "date_of_purchase": "2019-02-26 11:52:00"}
{"customer_id": "C23", "basket": [{"product_id": "P38", "price": 454}, {"product_id": "P35", "price": 1112}, {"product_id": "P36", "price": 1500}], "date_of_purchase": "2019-02-26 06:31:00"}
{"customer_id": "C51", "basket": [{"product_id": "P59", "price": 520}, {"product_id": "P41", "price": 1071}], "date_of_purchase": "2019-02-26 11:41:00"}
{"customer_id": "C56", "basket": [{"product_id": "P54", "price": 1994}, {"product_id": "P59", "price": 1214}, {"product_id": "P46", "price": 583}], "date_of_purchase": "2019-02-26 03:57:00"}
{"customer_id": "C57", "basket": [{"product_id": "P19", "price": 539}], "date_of_purchase": "2019-02-26 16:53:00"}
{"customer_id": "C58", "basket": [{"product_id": "P20", "price": 830}], "date_of_purchase": "2019-02-26 08:07:00"}
{"customer_id": "C60", "basket": [{"product_id": "P20", "price": 1771}, {"product_id": "P17", "price": 954}, {"product_id": "P14", "price": 1611}], "date_of_purchase": "2019-02-26 11:07:00"}
{"customer_id": "C62", "basket": [{"product_id": "P26", "price": 1449}, {"product_id": "P27", "price": 1194}, {"product_id": "P24", "price": 703}], "date_of_purchase": "2019-02-26 14:45:00"}
{"customer_id": "C65", "basket": [{"product_id": "P37", "price": 1049}, {"product_id": "P36", "price": 97}, {"product_id": "P39", "price": 58}], "date_of_purchase": "2019-02-26 10:46:00"}
{"customer_id": "C75", "basket": [{"product_id": "P37", "price": 967}, {"product_id": "P37", "price": 153}, {"product_id": "P37", "price": 562}], "date_of_purchase": "2019-02-26 21:11:00"}
{"customer_id": "C83", "basket": [{"product_id": "P36", "price": 421}, {"product_id": "P36", "price": 325}, {"product_id": "P40", "price": 914}], "date_of_purchase": "2019-02-26 14:01:00"}
{"customer_id": "C84", "basket": [{"product_id": "P31", "price": 1666}, {"product_id": "P27", "price": 24}, {"product_id": "P22", "price": 608}], "date_of_purchase": "2019-02-26 16:40:00"}
{"customer_id": "C86", "basket": [{"product_id": "P07", "price": 644}, {"product_id": "P05", "price": 55}], "date_of_purchase": "2019-02-26 04:52:00"}
{"customer_id": "C89", "basket": [{"product_id": "P28", "price": 1025}, {"product_id": "P31", "price": 734}], "date_of_purchase": "2019-02-26 16:59:00"}
{"customer_id": "C105", "basket": [{"product_id": "P39", "price": 1687}], "date_of_purchase": "2019-02-26 10:10:00"}
{"customer_id": "C120", "basket": [{"product_id": "P26", "price": 1276}, {"product_id": "P22", "price": 1014}, {"product_id": "P22", "price": 990}], "date_of_purchase": "2019-02-26 18:52:00"}
{"customer_id": "C121", "basket": [{"product_id": "P53", "price": 1442}, {"product_id": "P43", "price": 1503}], "date_of_purchase": "2019-02-26 03:14:00"}
{"customer_id": "C130", "basket": [{"product_id": "P52", "price": 927}], "date_of_purchase": "2019-02-26 23:29:00"}
{"customer_id": "C136", "basket": [{"product_id": "P28", "price": 1984}], "date_of_purchase": "2019-02-26 19:11:00"}
