{"customer_id": "C8", "basket": [{"product_id": "P16", "price": 22}], "date_of_purchase": "2019-02-28 08:40:00"}
{"customer_id": "C10", "basket": [{"product_id": "P08", "price": 392}], "date_of_purchase": "2019-02-28 23:52:00"}
{"customer_id": "C18", "basket": [{"product_id": "P32", "price": 386}, {"product_id": "P25", "price": 1874}], "date_of_purchase": "2019-02-28 19:41:00"}
{"customer_id": "C19", "basket": [{"product_id": "P04", "price": 886}], "date_of_purchase": "2019-02-28 14:37:00"}
{"customer_id": "C20", "basket": [{"product_id": "P28", "price": 657}, {"product_id": "P28", "price": 1634}], "date_of_purchase": "2019-02-28 17:32:00"}
{"customer_id": "C21", "basket": [{"product_id": "P59", "price": 1772}, {"product_id": "P50", "price": 167}, {"product_id": "P41", "price": 733}], "date_of_purchase": "2019-02-28 09:27:00"}
{"customer_id": "C23", "basket": [{"product_id": "P37", "price": 57}, {"product_id": "P40", "price": 6}], "date_of_purchase": "2019-02-28 06:22:00"}
{"customer_id": "C31", "basket": [{"product_id": "P60", "price": 1844}, {"product_id": "P51", "price": 1240}], "date_of_purchase": "2019-02-28 05:33:00"}
{"customer_id": "C48", "basket": [{"product_id": "P38", "price": 505}], "date_of_purchase": "2019-02-28 23:10:00"}
{"customer_id": "C58", "basket": [{"product_id": "P14", "price": 1409}, {"product_id": "P21", "price": 400}, {"product_id": "P20", "price": 1385}], "date_of_purchase": "2019-02-28 20:32:00"}
{"customer_id": "C60", "basket": [{"product_id": "P09", "price": 1450}, {"product_id": "P08", "price": 592}], "date_of_purchase": "2019-02-28 21:27:00"}
{"customer_id": "C63", "basket": [{"product_id": "P34", "price": 542}], "date_of_purchase": "2019-02-28 21:58:00"}
{"customer_id": "C78", "basket": [{"product_id": "P06", "price": 548}, {"product_id": "P02", "price": 1055}], "date_of_purchase": "2019-02-28 07:00:00"}
{"customer_id": "C82", "basket": [{"product_id": "P23", "price": 1798}, {"product_id": "P25", "price": 1619}], "date_of_purchase": "2019-02-28 20:37:00"}
{"customer_id": "C84", "basket": [{"product_id": "P58", "price": 1019}], "date_of_purchase": "2019-02-28 05:21:00"}
{"customer_id": "C101", "basket": [{"product_id": "P17", "price": 409}, {"product_id": "P15", "price": 974}, {"product_id": "P18", "price": 413}], "date_of_purchase": "2019-02-28 12:39:00"}
{"customer_id": "C103", "basket": [{"product_id": "P33", "price": 1786}, {"product_id": "P30", "price": 1150}, {"product_id": "P30", "price": 826}], "date_of_purchase": "2019-02-28 11:35:00"}
{"customer_id": "C112", "basket": [{"product_id": "P36", "price": 149}], "date_of_purchase": "2019-02-28 22:32:00"}
{"customer_id": "C114", "basket": [{"product_id": "P48", "price": 108}], "date_of_purchase": "2019-02-28 04:36:00"}
{"customer_id": "C116", "basket": [{"product_id": "P64", "price": 1436}, {"product_id": "P61", "price": 1295}], "date_of_purchase": "2019-02-28 16:14:00"}
{"customer_id": "C122", "basket": [{"product_id": "P34", "price": 1646}, {"product_id": "P24", "price": 1134}, {"product_id": "P22", "price": 1848}], "date_of_purchase": "2019-02-28 12:02:00"}
{"customer_id": "C130", "basket": [{"product_id": "P45", "price": 1583}], "date_of_purchase": "2019-02-28 21:41:00"}
