{"customer_id": "C2", "basket": [{"product_id": "P54", "price": 1259}], "date_of_purchase": "2018-12-06 14:54:00"}
{"customer_id": "C4", "basket": [{"product_id": "P29", "price": 879}, {"product_id": "P30", "price": 1741}], "date_of_purchase": "2018-12-06 05:56:00"}
{"customer_id": "C13", "basket": [{"product_id": "P62", "price": 363}], "date_of_purchase": "2018-12-06 20:09:00"}
{"customer_id": "C23", "basket": [{"product_id": "P37", "price": 1333}], "date_of_purchase": "2018-12-06 13:45:00"}
{"customer_id": "C34", "basket": [{"product_id": "P16", "price": 280}, {"product_id": "P18", "price": 1369}, {"product_id": "P16", "price": 1576}], "date_of_purchase": "2018-12-06 16:55:00"}
{"customer_id": "C36", "basket": [{"product_id": "P62", "price": 1004}, {"product_id": "P61", "price": 518}], "date_of_purchase": "2018-12-06 15:53:00"}
{"customer_id": "C37", "basket": [{"product_id": "P64", "price": 1882}, {"product_id": "P63", "price": 212}, {"product_id": "P64", "price": 747}], "date_of_purchase": "2018-12-06 15:03:00"}
{"customer_id": "C40", "basket": [{"product_id": "P47", "price": 1611}, {"product_id": "P48", "price": 729}, {"product_id": "P53", "price": 1116}], "date_of_purchase": "2018-12-06 10:11:00"}
{"customer_id": "C46", "basket": [{"product_id": "P44", "price": 674}, {"product_id": "P48", "price": 163}, {"product_id": "P49", "price": 362}], "date_of_purchase": "2018-12-06 10:31:00"}
{"customer_id": "C57", "basket": [{"product_id": "P13", "price": 1687}], "date_of_purchase": "2018-12-06 17:17:00"}
{"customer_id": "C58", "basket": [{"product_id": "P63", "price": 37}, {"product_id": "P64", "price": 1505}, {"product_id": "P62", "price": 1215}], "date_of_purchase": "2018-12-06 15:04:00"}
{"customer_id": "C61", "basket": [{"product_id": "P38", "price": 183}], "date_of_purchase": "2018-12-06 22:54:00"}
{"customer_id": "C63", "basket": [{"product_id": "P27", "price": 863}, {"product_id": "P27", "price": 890}, {"product_id": "P34", "price": 885}], "date_of_purchase": "2018-12-06 04:13:00"}
{"customer_id": "C72", "basket": [{"product_id": "P05", "price": 932}, {"product_id": "P12", "price": 1435}], "date_of_purchase": "2018-12-06 17:55:00"}
{"customer_id": "C81", "basket": [{"product_id": "P28", "price": 1197}, {"product_id": "P24", "price": 1729}, {"product_id": "P33", "price": 376}], "date_of_purchase": "2018-12-06 14:11:00"}
{"customer_id": "C96", "basket": [{"product_id": "P37", "price": 1531}, {"product_id": "P35", "price": 1435}], "date_of_purchase": "2018-12-06 05:58:00"}
{"customer_id": "C104", "basket": [{"product_id": "P38", "price": 616}, {"product_id": "P35", "price": 906}], "date_of_purchase": "2018-12-06 15:22:00"}
{"customer_id": "C113", "basket": [{"product_id": "P18", "price": 164}, {"product_id": "P18", "price": 840}, {"product_id": "P13", "price": 1987}], "date_of_purchase": "2018-12-06 20:47:00"}
{"customer_id": "C130", "basket": [{"product_id": "P54", "price": 561}], "date_of_purchase": "2018-12-06 20:05:00"}
{"customer_id": "C132", "basket": [{"product_id": "P59", "price": 115}, {"product_id": "P44", "price": 1984}], "date_of_purchase": "2018-12-06 03:10:00"}
{"customer_id": "C134", "basket": [{"product_id": "P35", "price": 208}], "date_of_purchase": "2018-12-06 17:34:00"}
