{"customer_id": "C11", "basket": [{"product_id": "P35", "price": 1216}, {"product_id": "P40", "price": 797}], "date_of_purchase": "2019-02-20 22:13:00"}
{"customer_id": "C12", "basket": [{"product_id": "P63", "price": 1190}], "date_of_purchase": "2019-02-20 03:25:00"}
{"customer_id": "C33", "basket": [{"product_id": "P33", "price": 78}, {"product_id": "P32", "price": 191}], "date_of_purchase": "2019-02-20 15:49:00"}
{"customer_id": "C41", "basket": [{"product_id": "P62", "price": 1822}, {"product_id": "P61", "price": 1154}], "date_of_purchase": "2019-02-20 18:04:00"}
{"customer_id": "C56", "basket": [{"product_id": "P44", "price": 1018}, {"product_id": "P47", "price": 1676}, {"product_id": "P59", "price": 580}], "date_of_purchase": "2019-02-20 21:48:00"}
{"customer_id": "C62", "basket": [{"product_id": "P29", "price": 1145}, {"product_id": "P25", "price": 1598}, {"product_id": "P23", "price": 1895}], "date_of_purchase": "2019-02-20 11:20:00"}
{"customer_id": "C63", "basket": [{"product_id": "P33", "price": 1236}], "date_of_purchase": "2019-02-20 09:04:00"}
{"customer_id": "C78", "basket": [{"product_id": "P60", "price": 371}], "date_of_purchase": "2019-02-20 04:26:00"}
{"customer_id": "C80", "basket": [{"product_id": "P47", "price": 478}, {"product_id": "P59", "price": 185}], "date_of_purchase": "2019-02-20 11:26:00"}
{"customer_id": "C90", "basket": [{"product_id": "P39", "price": 102}], "date_of_purchase": "2019-02-20 17:38:00"}
{"customer_id": "C97", "basket": [{"product_id": "P34", "price": 1530}, {"product_id": "P27", "price": 1815}, {"product_id": "P24", "price": 1004}], "date_of_purchase": "2019-02-20 17:25:00"}
{"customer_id": "C98", "basket": [{"product_id": "P45", "price": 1871}], "date_of_purchase": "2019-02-20 18:21:00"}
{"customer_id": "C103", "basket": [{"product_id": "P61", "price": 1513}], "date_of_purchase": "2019-02-20 03:51:00"}
{"customer_id": "C104", "basket": [{"product_id": "P40", "price": 1835}, {"product_id": "P38", "price": 1540}], "date_of_purchase": "2019-02-20 12:48:00"}
{"customer_id": "C106", "basket": [{"product_id": "P64", "price": 1479}], "date_of_purchase": "2019-02-20 17:26:00"}
{"customer_id": "C111", "basket": [{"product_id": "P60", "price": 563}, {"product_id": "P45", "price": 1163}, {"product_id": "P60", "price": 1416}], "date_of_purchase": "2019-02-20 09:03:00"}
{"customer_id": "C117", "basket": [{"product_id": "P32", "price": 1226}, {"product_id": "P32", "price": 688}], "date_of_purchase": "2019-02-20 12:06:00"}
{"customer_id": "C118", "basket": [{"product_id": "P22", "price": 584}], "date_of_purchase": "2019-02-20 04:25:00"}
{"customer_id": "C120", "basket": [{"product_id": "P09", "price": 1229}], "date_of_purchase": "2019-02-20 09:09:00"}
{"customer_id": "C122", "basket": [{"product_id": "P31", "price": 859}, {"product_id": "P27", "price": 55}], "date_of_purchase": "2019-02-20 19:53:00"}
{"customer_id": "C124", "basket": [{"product_id": "P22", "price": 1569}], "date_of_purchase": "2019-02-20 21:07:00"}
{"customer_id": "C126", "basket": [{"product_id": "P22", "price": 1055}, {"product_id": "P34", "price": 488}, {"product_id": "P23", "price": 488}], "date_of_purchase": "2019-02-20 19:14:00"}
{"customer_id": "C127", "basket": [{"product_id": "P27", "price": 1282}], "date_of_purchase": "2019-02-20 20:34:00"}
{"customer_id": "C130", "basket": [{"product_id": "P29", "price": 568}, {"product_id": "P26", "price": 1058}], "date_of_purchase": "2019-02-20 19:51:00"}
