{"customer_id": "C4", "basket": [{"product_id": "P34", "price": 798}, {"product_id": "P25", "price": 1278}], "date_of_purchase": "2019-01-19 11:49:00"}
{"customer_id": "C9", "basket": [{"product_id": "P40", "price": 76}], "date_of_purchase": "2019-01-19 17:59:00"}
{"customer_id": "C14", "basket": [{"product_id": "P28", "price": 485}, {"product_id": "P31", "price": 58}], "date_of_purchase": "2019-01-19 09:36:00"}
{"customer_id": "C26", "basket": [{"product_id": "P43", "price": 1714}], "date_of_purchase": "2019-01-19 19:53:00"}
{"customer_id": "C39", "basket": [{"product_id": "P06", "price": 600}, {"product_id": "P04", "price": 1242}], "date_of_purchase": "2019-01-19 03:17:00"}
{"customer_id": "C57", "basket": [{"product_id": "P17", "price": 858}, {"product_id": "P18", "price": 1094}, {"product_id": "P20", "price": 262}], "date_of_purchase": "2019-01-19 18:34:00"}
{"customer_id": "C62", "basket": [{"product_id": "P09", "price": 581}, {"product_id": "P01", "price": 1284}], "date_of_purchase": "2019-01-19 08:50:00"}
{"customer_id": "C63", "basket": [{"product_id": "P54", "price": 1621}, {"product_id": "P41", "price": 591}], "date_of_purchase": "2019-01-19 06:03:00"}
{"customer_id": "C65", "basket": [{"product_id": "P33", "price": 1789}], "date_of_purchase": "2019-01-19 07:31:00"}
{"customer_id": "C71", "basket": [{"product_id": "P46", "price": 334}, {"product_id": "P44", "price": 15}, {"product_id": "P57", "price": 1459}], "date_of_purchase": "2019-01-19 05:19:00"}
{"customer_id": "C73", "basket": [{"product_id": "P02", "price": 1644}, {"product_id": "P04", "price": 1448}], "date_of_purchase": "2019-01-19 08:27:00"}
{"customer_id": "C85", "basket": [{"product_id": "P42", "price": 758}, {"product_id": "P51", "price": 1332}, {"product_id": "P53", "price": 1877}], "date_of_purchase": "2019-01-19 19:10:00"}
{"customer_id": "C95", "basket": [{"product_id": "P64", "price": 1689}], "date_of_purchase": "2019-01-19 04:32:00"}
{"customer_id": "C96", "basket": [{"product_id": "P07", "price": 550}, {"product_id": "P09", "price": 397}], "date_of_purchase": "2019-01-19 18:00:00"}
{"customer_id": "C97", "basket": [{"product_id": "P43", "price": 307}], "date_of_purchase": "2019-01-19 09:50:00"}
{"customer_id": "C101", "basket": [{"product_id": "P20", "price": 102}, {"product_id": "P18", "price": 1250}, {"product_id": "P21", "price": 532}], "date_of_purchase": "2019-01-19 20:27:00"}
{"customer_id": "C104", "basket": [{"product_id": "P05", "price": 892}, {"product_id": "P06", "price": 1505}, {"product_id": "P09", "price": 1560}], "date_of_purchase": "2019-01-19 17:35:00"}
{"customer_id": "C110", "basket": [{"product_id": "P47", "price": 249}, {"product_id": "P43", "price": 1858}], "date_of_purchase": "2019-01-19 21:56:00"}
{"customer_id": "C119", "basket": [{"product_id": "P25", "price": 567}], "date_of_purchase": "2019-01-19 22:51:00"}
{"customer_id": "C128", "basket": [{"product_id": "P02", "price": 1704}, {"product_id": "P10", "price": 1180}, {"product_id": "P06", "price": 697}], "date_of_purchase": "2019-01-19 18:06:00"}
{"customer_id": "C129", "basket": [{"product_id": "P39", "price": 1756}, {"product_id": "P40", "price": 1149}, {"product_id": "P38", "price": 395}], "date_of_purchase": "2019-01-19 11:02:00"}
{"customer_id": "C133", "basket": [{"product_id": "P43", "price": 25}], "date_of_purchase": "2019-01-19 17:45:00"}
{"customer_id": "C137", "basket": [{"product_id": "P38", "price": 1189}], "date_of_purchase": "2019-01-19 23:55:00"}
