{"customer_id": "C9", "basket": [{"product_id": "P38", "price": 617}], "date_of_purchase": "2019-01-08 13:06:00"}
{"customer_id": "C10", "basket": [{"product_id": "P39", "price": 1246}, {"product_id": "P35", "price": 1808}, {"product_id": "P38", "price": 1411}], "date_of_purchase": "2019-01-08 19:59:00"}
{"customer_id": "C14", "basket": [{"product_id": "P47", "price": 1080}], "date_of_purchase": "2019-01-08 23:57:00"}
{"customer_id": "C16", "basket": [{"product_id": "P37", "price": 911}, {"product_id": "P38", "price": 1149}, {"product_id": "P40", "price": 1503}], "date_of_purchase": "2019-01-08 16:41:00"}
{"customer_id": "C17", "basket": [{"product_id": "P41", "price": 991}, {"product_id": "P48", "price": 395}, {"product_id": "P45", "price": 820}], "date_of_purchase": "2019-01-08 15:32:00"}
{"customer_id": "C18", "basket": [{"product_id": "P23", "price": 1558}, {"product_id": "P23", "price": 571}, {"product_id": "P30", "price": 604}], "date_of_purchase": "2019-01-08 09:19:00"}
{"customer_id": "C22", "basket": [{"product_id": "P34", "price": 438}, {"product_id": "P24", "price": 1780}], "date_of_purchase": "2019-01-08 03:28:00"}
{"customer_id": "C24", "basket": [{"product_id": "P02", "price": 1955}, {"product_id": "P05", "price": 1699}, {"product_id": "P04", "price": 1392}], "date_of_purchase": "2019-01-08 13:44:00"}
{"customer_id": "C34", "basket": [{"product_id": "P32", "price": 162}, {"product_id": "P30", "price": 639}], "date_of_purchase": "2019-01-08 05:46:00"}
{"customer_id": "C35", "basket": [{"product_id": "P55", "price": 491}], "date_of_purchase": "2019-01-08 08:43:00"}
{"customer_id": "C39", "basket": [{"product_id": "P35", "price": 434}], "date_of_purchase": "2019-01-08 10:46:00"}
{"customer_id": "C52", "basket": [{"product_id": "P58", "price": 536}], "date_of_purchase": "2019-01-08 17:22:00"}
{"customer_id": "C57", "basket": [{"product_id": "P17", "price": 1870}, {"product_id": "P18", "price": 272}], "date_of_purchase": "2019-01-08 05:00:00"}
{"customer_id": "C60", "basket": [{"product_id": "P29", "price": 143}, {"product_id": "P31", "price": 189}, {"product_id": "P27", "price": 673}], "date_of_purchase": "2019-01-08 17:16:00"}
{"customer_id": "C63", "basket": [{"product_id": "P34", "price": 1508}], "date_of_purchase": "2019-01-08 05:26:00"}
{"customer_id": "C78", "basket": [{"product_id": "P02", "price": 1385}, {"product_id": "P02", "price": 697}], "date_of_purchase": "2019-01-08 12:59:00"}
{"customer_id": "C81", "basket": [{"product_id": "P19", "price": 1409}], "date_of_purchase": "2019-01-08 18:55:00"}
{"customer_id": "C87", "basket": [{"product_id": "P40", "price": 1623}, {"product_id": "P37", "price": 1200}], "date_of_purchase": "2019-01-08 19:40:00"}
{"customer_id": "C94", "basket": [{"product_id": "P40", "price": 783}], "date_of_purchase": "2019-01-08 10:34:00"}
{"customer_id": "C95", "basket": [{"product_id": "P61", "price": 911}, {"product_id": "P64", "price": 924}], "date_of_purchase": "2019-01-08 12:12:00"}
{"customer_id": "C106", "basket": [{"product_id": "P37", "price": 1522}], "date_of_purchase": "2019-01-08 16:38:00"}
{"customer_id": "C110", "basket": [{"product_id": "P47", "price": 329}, {"product_id": "P45", "price": 132}, {"product_id": "P49", "price": 1423}], "date_of_purchase": "2019-01-08 08:25:00"}
{"customer_id": "C114", "basket": [{"product_id": "P57", "price": 811}], "date_of_purchase": "2019-01-08 09:06:00"}
{"customer_id": "C120", "basket": [{"product_id": "P12", "price": 1954}], "date_of_purchase": "2019-01-08 16:20:00"}
{"customer_id": "C123", "basket": [{"product_id": "P62", "price": 1237}], "date_of_purchase": "2019-01-08 12:14:00"}
{"customer_id": "C125", "basket": [{"product_id": "P06", "price": 1591}, {"product_id": "P05", "price": 953}], "date_of_purchase": "2019-01-08 10:33:00"}
{"customer_id": "C131", "basket": [{"product_id": "P51", "price": 1020}], "date_of_purchase": "2019-01-08 18:48:00"}
{"customer_id": "C132", "basket": [{"product_id": "P35", "price": 585}], "date_of_purchase": "2019-01-08 19:55:00"}
{"customer_id": "C133", "basket": [{"product_id": "P37", "price": 497}], "date_of_purchase": "2019-01-08 10:02:00"}
{"customer_id": "C134", "basket": [{"product_id": "P03", "price": 1283}], "date_of_purchase": "2019-01-08 19:17:00"}
