{"customer_id": "C1", "basket": [{"product_id": "P32", "price": 1777}, {"product_id": "P32", "price": 159}], "date_of_purchase": "2018-12-14 08:57:00"}
{"customer_id": "C3", "basket": [{"product_id": "P51", "price": 1987}, {"product_id": "P53", "price": 1159}], "date_of_purchase": "2018-12-14 13:14:00"}
{"customer_id": "C10", "basket": [{"product_id": "P46", "price": 516}, {"product_id": "P43", "price": 767}], "date_of_purchase": "2018-12-14 10:33:00"}
{"customer_id": "C18", "basket": [{"product_id": "P22", "price": 1558}], "date_of_purchase": "2018-12-14 11:01:00"}
{"customer_id": "C20", "basket": [{"product_id": "P30", "price": 1980}, {"product_id": "P26", "price": 1658}, {"product_id": "P26", "price": 361}], "date_of_purchase": "2018-12-14 08:57:00"}
{"customer_id": "C23", "basket": [{"product_id": "P38", "price": 1034}, {"product_id": "P38", "price": 1743}, {"product_id": "P37", "price": 815}], "date_of_purchase": "2018-12-14 15:39:00"}
{"customer_id": "C47", "basket": [{"product_id": "P54", "price": 1212}, {"product_id": "P41", "price": 252}, {"product_id": "P41", "price": 190}], "date_of_purchase": "2018-12-14 13:29:00"}
{"customer_id": "C52", "basket": [{"product_id": "P43", "price": 661}], "date_of_purchase": "2018-12-14 04:40:00"}
{"customer_id": "C54", "basket": [{"product_id": "P32", "price": 1335}, {"product_id": "P29", "price": 614}, {"product_id": "P24", "price": 1498}], "date_of_purchase": "2018-12-14 10:34:00"}
{"customer_id": "C63", "basket": [{"product_id": "P25", "price": 307}], "date_of_purchase": "2018-12-14 08:39:00"}
{"customer_id": "C66", "basket": [{"product_id": "P08", "price": 790}, {"product_id": "P07", "price": 1711}], "date_of_purchase": "2018-12-14 13:45:00"}
{"customer_id": "C71", "basket": [{"product_id": "P48", "price": 1930}, {"product_id": "P56", "price": 809}, {"product_id": "P52", "price": 1744}], "date_of_purchase": "2018-12-14 16:05:00"}
{"customer_id": "C76", "basket": [{"product_id": "P63", "price": 820}, {"product_id": "P62", "price": 967}, {"product_id": "P63", "price": 793}], "date_of_purchase": "2018-12-14 07:24:00"}
{"customer_id": "C77", "basket": [{"product_id": "P45", "price": 1533}, {"product_id": "P52", "price": 1615}], "date_of_purchase": "2018-12-14 03:55:00"}
{"customer_id": "C78", "basket": [{"product_id": "P01", "price": 1018}, {"product_id": "P12", "price": 1156}], "date_of_purchase": "2018-12-14 15:14:00"}
{"customer_id": "C87", "basket": [{"product_id": "P62", "price": 1109}, {"product_id": "P63", "price": 1464}], "date_of_purchase": "2018-12-14 05:20:00"}
{"customer_id": "C96", "basket": [{"product_id": "P56", "price": 1457}, {"product_id": "P60", "price": 703}, {"product_id": "P55", "price": 545}], "date_of_purchase": "2018-12-14 10:46:00"}
{"customer_id": "C102", "basket": [{"product_id": "P40", "price": 399}, {"product_id": "P36", "price": 1536}], "date_of_purchase": "2018-12-14 04:58:00"}
{"customer_id": "C106", "basket": [{"product_id": "P26", "price": 1451}], "date_of_purchase": "2018-12-14 16:23:00"}
{"customer_id": "C107", "basket": [{"product_id": "P38", "price": 637}, {"product_id": "P39", "price": 527}], "date_of_purchase": "2018-12-14 03:13:00"}
{"customer_id": "C110", "basket": [{"product_id": "P44", "price": 1168}], "date_of_purchase": "2018-12-14 21:08:00"}
{"customer_id": "C113", "basket": [{"product_id": "P46", "price": 1652}], "date_of_purchase": "2018-12-14 22:30:00"}
{"customer_id": "C118", "basket": [{"product_id": "P45", "price": 1020}, {"product_id": "P43", "price": 967}], "date_of_purchase": "2018-12-14 13:38:00"}
{"customer_id": "C123", "basket": [{"product_id": "P63", "price": 709}], "date_of_purchase": "2018-12-14 12:39:00"}
{"customer_id": "C129", "basket": [{"product_id": "P37", "price": 105}, {"product_id": "P37", "price": 194}], "date_of_purchase": "2018-12-14 18:34:00"}
{"customer_id": "C136", "basket": [{"product_id": "P64", "price": 299}], "date_of_purchase": "2018-12-14 04:23:00"}
