{"customer_id": "C7", "basket": [{"product_id": "P51", "price": 282}, {"product_id": "P43", "price": 630}, {"product_id": "P49", "price": 877}], "date_of_purchase": "2019-01-30 13:40:00"}
{"customer_id": "C19", "basket": [{"product_id": "P53", "price": 1174}, {"product_id": "P57", "price": 906}], "date_of_purchase": "2019-01-30 23:01:00"}
{"customer_id": "C20", "basket": [{"product_id": "P34", "price": 518}], "date_of_purchase": "2019-01-30 11:38:00"}
{"customer_id": "C21", "basket": [{"product_id": "P04", "price": 24}], "date_of_purchase": "2019-01-30 09:34:00"}
{"customer_id": "C24", "basket": [{"product_id": "P10", "price": 1435}, {"product_id": "P09", "price": 1302}], "date_of_purchase": "2019-01-30 17:30:00"}
{"customer_id": "C35", "basket": [{"product_id": "P47", "price": 1765}, {"product_id": "P48", "price": 818}], "date_of_purchase": "2019-01-30 08:30:00"}
{"customer_id": "C36", "basket": [{"product_id": "P63", "price": 496}, {"product_id": "P61", "price": 50}, {"product_id": "P61", "price": 161}], "date_of_purchase": "2019-01-30 07:12:00"}
{"customer_id": "C50", "basket": [{"product_id": "P53", "price": 1582}], "date_of_purchase": "2019-01-30 22:06:00"}
{"customer_id": "C52", "basket": [{"product_id": "P57", "price": 1324}, {"product_id": "P50", "price": 703}], "date_of_purchase": "2019-01-30 05:32:00"}
{"customer_id": "C59", "basket": [{"product_id": "P64", "price": 1763}, {"product_id": "P61", "price": 1669}], "date_of_purchase": "2019-01-30 09:16:00"}
{"customer_id": "C65", "basket": [{"product_id": "P30", "price": 964}, {"product_id": "P34", "price": 1532}, {"product_id": "P30", "price": 1112}], "date_of_purchase": "2019-01-30 22:07:00"}
{"customer_id": "C78", "basket": [{"product_id": "P11", "price": 1565}, {"product_id": "P01", "price": 1059}, {"product_id": "P02", "price": 771}], "date_of_purchase": "2019-01-30 16:27:00"}
{"customer_id": "C82", "basket": [{"product_id": "P28", "price": 1608}, {"product_id": "P27", "price": 1685}], "date_of_purchase": "2019-01-30 20:12:00"}
{"customer_id": "C84", "basket": [{"product_id": "P32", "price": 298}, {"product_id": "P27", "price": 509}], "date_of_purchase": "2019-01-30 22:06:00"}
{"customer_id": "C87", "basket": [{"product_id": "P48", "price": 828}], "date_of_purchase": "2019-01-30 23:33:00"}
{"customer_id": "C101", "basket": [{"product_id": "P17", "price": 893}, {"product_id": "P17", "price": 1802}, {"product_id": "P17", "price": 1423}], "date_of_purchase": "2019-01-30 12:20:00"}
{"customer_id": "C102", "basket": [{"product_id": "P30", "price": 123}], "date_of_purchase": "2019-01-30 16:51:00"}
{"customer_id": "C105", "basket": [{"product_id": "P43", "price": 1856}], "date_of_purchase": "2019-01-30 23:10:00"}
{"customer_id": "C117", "basket": [{"product_id": "P28", "price": 1541}, {"product_id": "P25", "price": 337}, {"product_id": "P23", "price": 1272}], "date_of_purchase": "2019-01-30 16:40:00"}
{"customer_id": "C118", "basket": [{"product_id": "P31", "price": 96}], "date_of_purchase": "2019-01-30 14:31:00"}
{"customer_id": "C120", "basket": [{"product_id": "P11", "price": 1747}, {"product_id": "P03", "price": 1786}], "date_of_purchase": "2019-01-30 15:29:00"}
{"customer_id": "C130", "basket": [{"product_id": "P28", "price": 665}, {"product_id": "P26", "price": 945}], "date_of_purchase": "2019-01-30 23:23:00"}
{"customer_id": "C134", "basket": [{"product_id": "P40", "price": 425}, {"product_id": "P38", "price": 1185}, {"product_id": "P40", "price": 350}], "date_of_purchase": "2019-01-30 13:59:00"}
