{"customer_id": "C6", "basket": [{"product_id": "P35", "price": 1660}], "date_of_purchase": "2018-12-23 10:32:00"}
{"customer_id": "C11", "basket": [{"product_id": "P39", "price": 176}], "date_of_purchase": "2018-12-23 23:24:00"}
{"customer_id": "C14", "basket": [{"product_id": "P49", "price": 856}], "date_of_purchase": "2018-12-23 17:08:00"}
{"customer_id": "C19", "basket": [{"product_id": "P02", "price": 1865}, {"product_id": "P10", "price": 1261}], "date_of_purchase": "2018-12-23 23:14:00"}
{"customer_id": "C22", "basket": [{"product_id": "P51", "price": 1679}, {"product_id": "P58", "price": 930}, {"product_id": "P52", "price": 122}], "date_of_purchase": "2018-12-23 08:10:00"}
{"customer_id": "C27", "basket": [{"product_id": "P49", "price": 1577}, {"product_id": "P55", "price": 1883}, {"product_id": "P45", "price": 578}], "date_of_purchase": "2018-12-23 11:02:00"}
{"customer_id": "C41", "basket": [{"product_id": "P11", "price": 1263}, {"product_id": "P11", "price": 491}], "date_of_purchase": "2018-12-23 12:30:00"}
{"customer_id": "C48", "basket": [{"product_id": "P11", "price": 394}, {"product_id": "P05", "price": 1765}, {"product_id": "P11", "price": 942}], "date_of_purchase": "2018-12-23 10:42:00"}
{"customer_id": "C54", "basket": [{"product_id": "P49", "price": 616}], "date_of_purchase": "2018-12-23 13:38:00"}
{"customer_id": "C57", "basket": [{"product_id": "P15", "price": 276}, {"product_id": "P16", "price": 1220}, {"product_id": "P14", "price": 1566}], "date_of_purchase": "2018-12-23 09:01:00"}
{"customer_id": "C60", "basket": [{"product_id": "P10", "price": 197}, {"product_id": "P09", "price": 1469}], "date_of_purchase": "2018-12-23 17:18:00"}
{"customer_id": "C74", "basket": [{"product_id": "P39", "price": 1315}, {"product_id": "P39", "price": 1344}], "date_of_purchase": "2018-12-23 03:50:00"}
{"customer_id": "C76", "basket": [{"product_id": "P34", "price": 1672}, {"product_id": "P26", "price": 1773}, {"product_id": "P30", "price": 881}], "date_of_purchase": "2018-12-23 13:47:00"}
{"customer_id": "C80", "basket": [{"product_id": "P38", "price": 190}], "date_of_purchase": "2018-12-23 15:54:00"}
{"customer_id": "C88", "basket": [{"product_id": "P36", "price": 963}, {"product_id": "P37", "price": 54}, {"product_id": "P39", "price": 1644}], "date_of_purchase": "2018-12-23 05:18:00"}
{"customer_id": "C90", "basket": [{"product_id": "P61", "price": 260}, {"product_id": "P61", "price": 735}, {"product_id": "P64", "price": 1739}], "date_of_purchase": "2018-12-23 14:49:00"}
{"customer_id": "C98", "basket": [{"product_id": "P50", "price": 504}], "date_of_purchase": "2018-12-23 12:13:00"}
{"customer_id": "C104", "basket": [{"product_id": "P10", "price": 1798}, {"product_id": "P04", "price": 1418}, {"product_id": "P03", "price": 1500}], "date_of_purchase": "2018-12-23 07:27:00"}
{"customer_id": "C109", "basket": [{"product_id": "P15", "price": 1028}], "date_of_purchase": "2018-12-23 20:40:00"}
{"customer_id": "C112", "basket": [{"product_id": "P38", "price": 1539}, {"product_id": "P39", "price": 911}], "date_of_purchase": "2018-12-23 03:24:00"}
{"customer_id": "C114", "basket": [{"product_id": "P41", "price": 1717}, {"product_id": "P46", "price": 721}], "date_of_purchase": "2018-12-23 05:47:00"}
{"customer_id": "C116", "basket": [{"product_id": "P48", "price": 1367}], "date_of_purchase": "2018-12-23 13:11:00"}
{"customer_id": "C121", "basket": [{"product_id": "P26", "price": 1074}, {"product_id": "P24", "price": 1006}, {"product_id": "P26", "price": 661}], "date_of_purchase": "2018-12-23 09:58:00"}
{"customer_id": "C123", "basket": [{"product_id": "P62", "price": 1681}], "date_of_purchase": "2018-12-23 20:37:00"}
{"customer_id": "C132", "basket": [{"product_id": "P42", "price": 1013}, {"product_id": "P57", "price": 558}, {"product_id": "P53", "price": 1689}], "date_of_purchase": "2018-12-23 22:50:00"}
{"customer_id": "C133", "basket": [{"product_id": "P47", "price": 210}, {"product_id": "P57", "price": 308}], "date_of_purchase": "2018-12-23 17:36:00"}
{"customer_id": "C134", "basket": [{"product_id": "P51", "price": 1116}, {"product_id": "P51", "price": 1041}, {"product_id": "P42", "price": 1755}], "date_of_purchase": "2018-12-23 10:24:00"}
{"customer_id": "C135", "basket": [{"product_id": "P38", "price": 1020}, {"product_id": "P37", "price": 384}], "date_of_purchase": "2018-12-23 21:43:00"}
{"customer_id": "C136", "basket": [{"product_id": "P19", "price": 985}, {"product_id": "P13", "price": 1220}], "date_of_purchase": "2018-12-23 06:19:00"}
