{"customer_id": "C3", "basket": [{"product_id": "P40", "price": 1348}, {"product_id": "P38", "price": 1136}, {"product_id": "P39", "price": 691}], "date_of_purchase": "2019-02-14 13:56:00"}
{"customer_id": "C7", "basket": [{"product_id": "P38", "price": 163}, {"product_id": "P36", "price": 1683}, {"product_id": "P36", "price": 1290}], "date_of_purchase": "2019-02-14 12:50:00"}
{"customer_id": "C9", "basket": [{"product_id": "P34", "price": 899}, {"product_id": "P22", "price": 701}, {"product_id": "P31", "price": 1097}], "date_of_purchase": "2019-02-14 13:39:00"}
{"customer_id": "C16", "basket": [{"product_id": "P63", "price": 1885}, {"product_id": "P63", "price": 1588}], "date_of_purchase": "2019-02-14 16:31:00"}
{"customer_id": "C21", "basket": [{"product_id": "P40", "price": 1469}], "date_of_purchase": "2019-02-14 17:55:00"}
{"customer_id": "C25", "basket": [{"product_id": "P35", "price": 1641}, {"product_id": "P40", "price": 1607}], "date_of_purchase": "2019-02-14 14:14:00"}
{"customer_id": "C34", "basket": [{"product_id": "P36", "price": 1410}, {"product_id": "P35", "price": 306}, {"product_id": "P37", "price": 322}], "date_of_purchase": "2019-02-14 07:30:00"}
{"customer_id": "C35", "basket": [{"product_id": "P60", "price": 1631}, {"product_id": "P51", "price": 101}], "date_of_purchase": "2019-02-14 08:15:00"}
{"customer_id": "C48", "basket": [{"product_id": "P01", "price": 577}, {"product_id": "P12", "price": 85}], "date_of_purchase": "2019-02-14 05:47:00"}
{"customer_id": "C50", "basket": [{"product_id": "P64", "price": 25}], "date_of_purchase": "2019-02-14 11:40:00"}
{"customer_id": "C53", "basket": [{"product_id": "P18", "price": 1814}, {"product_id": "P17", "price": 1034}, {"product_id": "P15", "price": 1455}], "date_of_purchase": "2019-02-14 13:17:00"}
{"customer_id": "C60", "basket": [{"product_id": "P11", "price": 530}], "date_of_purchase": "2019-02-14 03:23:00"}
{"customer_id": "C61", "basket": [{"product_id": "P37", "price": 118}], "date_of_purchase": "2019-02-14 21:40:00"}
{"customer_id": "C67", "basket": [{"product_id": "P54", "price": 402}, {"product_id": "P51", "price": 1407}], "date_of_purchase": "2019-02-14 08:01:00"}
{"customer_id": "C70", "basket": [{"product_id": "P63", "price": 1147}], "date_of_purchase": "2019-02-14 12:15:00"}
{"customer_id": "C78", "basket": [{"product_id": "P51", "price": 1296}], "date_of_purchase": "2019-02-14 12:27:00"}
{"customer_id": "C92", "basket": [{"product_id": "P23", "price": 139}], "date_of_purchase": "2019-02-14 16:03:00"}
{"customer_id": "C96", "basket": [{"product_id": "P27", "price": 1478}, {"product_id": "P25", "price": 825}], "date_of_purchase": "2019-02-14 15:43:00"}
{"customer_id": "C100", "basket": [{"product_id": "P38", "price": 62}], "date_of_purchase": "2019-02-14 11:34:00"}
{"customer_id": "C108", "basket": [{"product_id": "P03", "price": 1616}], "date_of_purchase": "2019-02-14 11:05:00"}
{"customer_id": "C110", "basket": [{"product_id": "P23", "price": 1923}], "date_of_purchase": "2019-02-14 21:41:00"}
{"customer_id": "C117", "basket": [{"product_id": "P41", "price": 583}], "date_of_purchase": "2019-02-14 15:13:00"}
{"customer_id": "C119", "basket": [{"product_id": "P64", "price": 1982}, {"product_id": "P63", "price": 413}, {"product_id": "P64", "price": 1204}], "date_of_purchase": "2019-02-14 15:23:00"}
{"customer_id": "C132", "basket": [{"product_id": "P46", "price": 682}, {"product_id": "P53", "price": 1514}], "date_of_purchase": "2019-02-14 15:45:00"}
{"customer_id": "C133", "basket": [{"product_id": "P27", "price": 892}, {"product_id": "P26", "price": 712}], "date_of_purchase": "2019-02-14 11:33:00"}
{"customer_id": "C135", "basket": [{"product_id": "P39", "price": 895}, {"product_id": "P40", "price": 804}, {"product_id": "P40", "price": 629}], "date_of_purchase": "2019-02-14 23:24:00"}
