{"customer_id": "C8", "basket": [{"product_id": "P53", "price": 1877}, {"product_id": "P49", "price": 1081}], "date_of_purchase": "2018-12-29 07:43:00"}
{"customer_id": "C10", "basket": [{"product_id": "P06", "price": 1285}, {"product_id": "P06", "price": 627}], "date_of_purchase": "2018-12-29 07:05:00"}
{"customer_id": "C22", "basket": [{"product_id": "P25", "price": 69}], "date_of_purchase": "2018-12-29 16:11:00"}
{"customer_id": "C26", "basket": [{"product_id": "P46", "price": 1485}, {"product_id": "P51", "price": 606}, {"product_id": "P59", "price": 44}], "date_of_purchase": "2018-12-29 21:55:00"}
{"customer_id": "C41", "basket": [{"product_id": "P02", "price": 1371}, {"product_id": "P10", "price": 1236}, {"product_id": "P07", "price": 1705}], "date_of_purchase": "2018-12-29 06:08:00"}
{"customer_id": "C48", "basket": [{"product_id": "P59", "price": 1051}], "date_of_purchase": "2018-12-29 22:13:00"}
{"customer_id": "C49", "basket": [{"product_id": "P26", "price": 1758}, {"product_id": "P25", "price": 1151}, {"product_id": "P29", "price": 1422}], "date_of_purchase": "2018-12-29 18:24:00"}
{"customer_id": "C56", "basket": [{"product_id": "P31", "price": 49}, {"product_id": "P24", "price": 1102}, {"product_id": "P33", "price": 1194}], "date_of_purchase": "2018-12-29 14:05:00"}
{"customer_id": "C57", "basket": [{"product_id": "P21", "price": 611}, {"product_id": "P13", "price": 1508}], "date_of_purchase": "2018-12-29 11:17:00"}
{"customer_id": "C60", "basket": [{"product_id": "P64", "price": 381}], "date_of_purchase": "2018-12-29 23:35:00"}
{"customer_id": "C63", "basket": [{"product_id": "P27", "price": 1437}], "date_of_purchase": "2018-12-29 18:02:00"}
{"customer_id": "C65", "basket": [{"product_id": "P25", "price": 1152}, {"product_id": "P25", "price": 1112}, {"product_id": "P23", "price": 1628}], "date_of_purchase": "2018-12-29 21:58:00"}
{"customer_id": "C67", "basket": [{"product_id": "P30", "price": 129}, {"product_id": "P33", "price": 98}, {"product_id": "P24", "price": 247}], "date_of_purchase": "2018-12-29 14:34:00"}
{"customer_id": "C86", "basket": [{"product_id": "P39", "price": 527}], "date_of_purchase": "2018-12-29 08:51:00"}
{"customer_id": "C90", "basket": [{"product_id": "P44", "price": 759}, {"product_id": "P56", "price": 1113}], "date_of_purchase": "2018-12-29 10:28:00"}
{"customer_id": "C96", "basket": [{"product_id": "P51", "price": 893}, {"product_id": "P55", "price": 1854}, {"product_id": "P41", "price": 137}], "date_of_purchase": "2018-12-29 10:17:00"}
{"customer_id": "C101", "basket": [{"product_id": "P18", "price": 1455}], "date_of_purchase": "2018-12-29 05:36:00"}
{"customer_id": "C105", "basket": [{"product_id": "P35", "price": 623}, {"product_id": "P37", "price": 325}], "date_of_purchase": "2018-12-29 20:13:00"}
{"customer_id": "C110", "basket": [{"product_id": "P33", "price": 229}, {"product_id": "P32", "price": 1782}, {"product_id": "P27", "price": 499}], "date_of_purchase": "2018-12-29 20:28:00"}
{"customer_id": "C116", "basket": [{"product_id": "P58", "price": 943}], "date_of_purchase": "2018-12-29 12:22:00"}
{"customer_id": "C117", "basket": [{"product_id": "P50", "price": 648}, {"product_id": "P58", "price": 1494}], "date_of_purchase": "2018-12-29 16:29:00"}
{"customer_id": "C122", "basket": [{"product_id": "P43", "price": 1269}, {"product_id": "P41", "price": 238}, {"product_id": "P56", "price": 1983}], "date_of_purchase": "2018-12-29 21:47:00"}
{"customer_id": "C129", "basket": [{"product_id": "P23", "price": 1468}, {"product_id": "P30", "price": 341}], "date_of_purchase": "2018-12-29 19:29:00"}
{"customer_id": "C131", "basket": [{"product_id": "P36", "price": 232}, {"product_id": "P39", "price": 482}], "date_of_purchase": "2018-12-29 12:46:00"}
{"customer_id": "C132", "basket": [{"product_id": "P40", "price": 245}], "date_of_purchase": "2018-12-29 20:13:00"}
{"customer_id": "C133", "basket": [{"product_id": "P40", "price": 1780}, {"product_id": "P36", "price": 1063}, {"product_id": "P37", "price": 999}], "date_of_purchase": "2018-12-29 15:15:00"}
