{"customer_id": "C1", "basket": [{"product_id": "P30", "price": 1011}], "date_of_purchase": "2019-02-02 03:03:00"}
{"customer_id": "C3", "basket": [{"product_id": "P36", "price": 1600}], "date_of_purchase": "2019-02-02 22:06:00"}
{"customer_id": "C8", "basket": [{"product_id": "P03", "price": 1318}], "date_of_purchase": "2019-02-02 16:33:00"}
{"customer_id": "C9", "basket": [{"product_id": "P22", "price": 1487}, {"product_id": "P30", "price": 339}], "date_of_purchase": "2019-02-02 22:50:00"}
{"customer_id": "C10", "basket": [{"product_id": "P52", "price": 885}], "date_of_purchase": "2019-02-02 17:46:00"}
{"customer_id": "C16", "basket": [{"product_id": "P33", "price": 651}], "date_of_purchase": "2019-02-02 19:40:00"}
{"customer_id": "C24", "basket": [{"product_id": "P04", "price": 481}], "date_of_purchase": "2019-02-02 03:22:00"}
{"customer_id": "C30", "basket": [{"product_id": "P40", "price": 1087}, {"product_id": "P37", "price": 445}, {"product_id": "P35", "price": 643}], "date_of_purchase": "2019-02-02 15:33:00"}
{"customer_id": "C37", "basket": [{"product_id": "P10", "price": 564}], "date_of_purchase": "2019-02-02 08:34:00"}
{"customer_id": "C39", "basket": [{"product_id": "P28", "price": 817}], "date_of_purchase": "2019-02-02 10:24:00"}
{"customer_id": "C41", "basket": [{"product_id": "P05", "price": 1610}, {"product_id": "P09", "price": 1188}], "date_of_purchase": "2019-02-02 10:25:00"}
{"customer_id": "C43", "basket": [{"product_id": "P62", "price": 1610}, {"product_id": "P64", "price": 208}, {"product_id": "P61", "price": 1033}], "date_of_purchase": "2019-02-02 05:20:00"}
{"customer_id": "C50", "basket": [{"product_id": "P59", "price": 598}], "date_of_purchase": "2019-02-02 16:15:00"}
{"customer_id": "C59", "basket": [{"product_id": "P48", "price": 314}], "date_of_purchase": "2019-02-02 19:06:00"}
{"customer_id": "C62", "basket": [{"product_id": "P52", "price": 1647}, {"product_id": "P48", "price": 319}], "date_of_purchase": "2019-02-02 05:00:00"}
{"customer_id": "C65", "basket": [{"product_id": "P25", "price": 1054}, {"product_id": "P33", "price": 1520}, {"product_id": "P34", "price": 1465}], "date_of_purchase": "2019-02-02 05:48:00"}
{"customer_id": "C83", "basket": [{"product_id": "P50", "price": 1773}], "date_of_purchase": "2019-02-02 08:26:00"}
{"customer_id": "C86", "basket": [{"product_id": "P30", "price": 1325}], "date_of_purchase": "2019-02-02 07:00:00"}
{"customer_id": "C115", "basket": [{"product_id": "P24", "price": 998}], "date_of_purchase": "2019-02-02 21:55:00"}
{"customer_id": "C122", "basket": [{"product_id": "P24", "price": 1714}, {"product_id": "P31", "price": 887}], "date_of_purchase": "2019-02-02 22:26:00"}
{"customer_id": "C129", "basket": [{"product_id": "P36", "price": 1610}], "date_of_purchase": "2019-02-02 04:28:00"}
{"customer_id": "C134", "basket": [{"product_id": "P36", "price": 757}, {"product_id": "P36", "price": 245}], "date_of_purchase": "2019-02-02 17:45:00"}
{"customer_id": "C137", "basket": [{"product_id": "P61", "price": 607}, {"product_id": "P64", "price": 1483}], "date_of_purchase": "2019-02-02 06:29:00"}
