{"customer_id": "C9", "basket": [{"product_id": "P35", "price": 1349}, {"product_id": "P37", "price": 252}, {"product_id": "P39", "price": 594}], "date_of_purchase": "2019-01-04 03:49:00"}
{"customer_id": "C10", "basket": [{"product_id": "P56", "price": 706}], "date_of_purchase": "2019-01-04 08:33:00"}
{"customer_id": "C16", "basket": [{"product_id": "P27", "price": 223}, {"product_id": "P29", "price": 1115}], "date_of_purchase": "2019-01-04 10:32:00"}
{"customer_id": "C18", "basket": [{"product_id": "P33", "price": 630}, {"product_id": "P23", "price": 1515}, {"product_id": "P32", "price": 560}], "date_of_purchase": "2019-01-04 23:54:00"}
{"customer_id": "C27", "basket": [{"product_id": "P26", "price": 1427}, {"product_id": "P25", "price": 1342}], "date_of_purchase": "2019-01-04 09:52:00"}
{"customer_id": "C34", "basket": [{"product_id": "P39", "price": 1524}, {"product_id": "P38", "price": 1070}], "date_of_purchase": "2019-01-04 17:45:00"}
{"customer_id": "C41", "basket": [{"product_id": "P34", "price": 1960}], "date_of_purchase": "2019-01-04 09:45:00"}
{"customer_id": "C45", "basket": [{"product_id": "P36", "price": 1120}], "date_of_purchase": "2019-01-04 15:17:00"}
{"customer_id": "C46", "basket": [{"product_id": "P48", "price": 1471}, {"product_id": "P53", "price": 1563}], "date_of_purchase": "2019-01-04 15:05:00"}
{"customer_id": "C60", "basket": [{"product_id": "P21", "price": 788}, {"product_id": "P20", "price": 867}], "date_of_purchase": "2019-01-04 14:15:00"}
{"customer_id": "C65", "basket": [{"product_id": "P35", "price": 1520}], "date_of_purchase": "2019-01-04 18:03:00"}
{"customer_id": "C96", "basket": [{"product_id": "P55", "price": 1651}], "date_of_purchase": "2019-01-04 12:32:00"}
{"customer_id": "C98", "basket": [{"product_id": "P43", "price": 1676}, {"product_id": "P52", "price": 349}, {"product_id": "P45", "price": 1707}], "date_of_purchase": "2019-01-04 09:05:00"}
{"customer_id": "C100", "basket": [{"product_id": "P28", "price": 107}, {"product_id": "P23", "price": 364}, {"product_id": "P31", "price": 1421}], "date_of_purchase": "2019-01-04 04:59:00"}
{"customer_id": "C109", "basket": [{"product_id": "P15", "price": 372}, {"product_id": "P21", "price": 1866}], "date_of_purchase": "2019-01-04 23:45:00"}
{"customer_id": "C116", "basket": [{"product_id": "P61", "price": 111}], "date_of_purchase": "2019-01-04 16:29:00"}
{"customer_id": "C119", "basket": [{"product_id": "P23", "price": 193}, {"product_id": "P27", "price": 537}], "date_of_purchase": "2019-01-04 07:06:00"}
{"customer_id": "C123", "basket": [{"product_id": "P64", "price": 1801}], "date_of_purchase": "2019-01-04 16:53:00"}
{"customer_id": "C125", "basket": [{"product_id": "P12", "price": 628}, {"product_id": "P09", "price": 51}, {"product_id": "P11", "price": 1418}], "date_of_purchase": "2019-01-04 20:02:00"}
{"customer_id": "C137", "basket": [{"product_id": "P64", "price": 957}], "date_of_purchase": "2019-01-04 04:23:00"}
