{"customer_id": "C1", "basket": [{"product_id": "P34", "price": 1991}], "date_of_purchase": "2019-02-13 18:47:00"}
{"customer_id": "C10", "basket": [{"product_id": "P36", "price": 1357}, {"product_id": "P39", "price": 1553}], "date_of_purchase": "2019-02-13 06:52:00"}
{"customer_id": "C19", "basket": [{"product_id": "P46", "price": 1866}, {"product_id": "P52", "price": 726}], "date_of_purchase": "2019-02-13 05:31:00"}
{"customer_id": "C20", "basket": [{"product_id": "P24", "price": 1796}], "date_of_purchase": "2019-02-13 05:45:00"}
{"customer_id": "C21", "basket": [{"product_id": "P38", "price": 1164}, {"product_id": "P37", "price": 630}], "date_of_purchase": "2019-02-13 10:36:00"}
{"customer_id": "C24", "basket": [{"product_id": "P10", "price": 98}, {"product_id": "P03", "price": 89}, {"product_id": "P10", "price": 1337}], "date_of_purchase": "2019-02-13 14:48:00"}
{"customer_id": "C44", "basket": [{"product_id": "P40", "price": 1711}, {"product_id": "P37", "price": 867}], "date_of_purchase": "2019-02-13 03:44:00"}
{"customer_id": "C48", "basket": [{"product_id": "P38", "price": 1931}], "date_of_purchase": "2019-02-13 19:38:00"}
{"customer_id": "C51", "basket": [{"product_id": "P09", "price": 1478}, {"product_id": "P11", "price": 368}, {"product_id": "P04", "price": 91}], "date_of_purchase": "2019-02-13 09:36:00"}
{"customer_id": "C60", "basket": [{"product_id": "P17", "price": 988}, {"product_id": "P13", "price": 425}], "date_of_purchase": "2019-02-13 12:35:00"}
{"customer_id": "C65", "basket": [{"product_id": "P32", "price": 1833}, {"product_id": "P27", "price": 801}, {"product_id": "P25", "price": 1963}], "date_of_purchase": "2019-02-13 12:27:00"}
{"customer_id": "C66", "basket": [{"product_id": "P06", "price": 571}], "date_of_purchase": "2019-02-13 18:38:00"}
{"customer_id": "C69", "basket": [{"product_id": "P40", "price": 1495}, {"product_id": "P37", "price": 215}], "date_of_purchase": "2019-02-13 13:19:00"}
{"customer_id": "C80", "basket": [{"product_id": "P55", "price": 1422}], "date_of_purchase": "2019-02-13 18:09:00"}
{"customer_id": "C84", "basket": [{"product_id": "P29", "price": 34}], "date_of_purchase": "2019-02-13 22:23:00"}
{"customer_id": "C93", "basket": [{"product_id": "P17", "price": 278}, {"product_id": "P14", "price": 1599}], "date_of_purchase": "2019-02-13 04:54:00"}
{"customer_id": "C96", "basket": [{"product_id": "P60", "price": 463}], "date_of_purchase": "2019-02-13 02:56:00"}
{"customer_id": "C100", "basket": [{"product_id": "P08", "price": 1090}, {"product_id": "P07", "price": 1525}, {"product_id": "P06", "price": 184}], "date_of_purchase": "2019-02-13 11:06:00"}
{"customer_id": "C103", "basket": [{"product_id": "P45", "price": 913}, {"product_id": "P44", "price": 517}], "date_of_purchase": "2019-02-13 20:20:00"}
{"customer_id": "C110", "basket": [{"product_id": "P64", "price": 145}], "date_of_purchase": "2019-02-13 08:26:00"}
{"customer_id": "C111", "basket": [{"product_id": "P56", "price": 474}], "date_of_purchase": "2019-02-13 11:44:00"}
{"customer_id": "C119", "basket": [{"product_id": "P30", "price": 1139}, {"product_id": "P26", "price": 1812}], "date_of_purchase": "2019-02-13 13:02:00"}
{"customer_id": "C129", "basket": [{"product_id": "P40", "price": 1559}, {"product_id": "P37", "price": 127}, {"product_id": "P38", "price": 395}], "date_of_purchase": "2019-02-13 21:32:00"}
