{"customer_id": "C2", "basket": [{"product_id": "P43", "price": 198}, {"product_id": "P51", "price": 778}], "date_of_purchase": "2019-01-15 20:08:00"}
{"customer_id": "C11", "basket": [{"product_id": "P39", "price": 1688}], "date_of_purchase": "2019-01-15 05:37:00"}
{"customer_id": "C16", "basket": [{"product_id": "P39", "price": 173}, {"product_id": "P37", "price": 913}, {"product_id": "P38", "price": 243}], "date_of_purchase": "2019-01-15 18:31:00"}
{"customer_id": "C29", "basket": [{"product_id": "P17", "price": 822}, {"product_id": "P16", "price": 1181}], "date_of_purchase": "2019-01-15 20:55:00"}
{"customer_id": "C34", "basket": [{"product_id": "P32", "price": 1498}, {"product_id": "P33", "price": 1166}], "date_of_purchase": "2019-01-15 19:27:00"}
{"customer_id": "C35", "basket": [{"product_id": "P58", "price": 525}, {"product_id": "P60", "price": 795}, {"product_id": "P54", "price": 457}], "date_of_purchase": "2019-01-15 17:19:00"}
{"customer_id": "C38", "basket": [{"product_id": "P64", "price": 1938}, {"product_id": "P63", "price": 1855}, {"product_id": "P62", "price": 476}], "date_of_purchase": "2019-01-15 12:07:00"}
{"customer_id": "C40", "basket": [{"product_id": "P12", "price": 1049}], "date_of_purchase": "2019-01-15 05:24:00"}
{"customer_id": "C41", "basket": [{"product_id": "P34", "price": 917}, {"product_id": "P23", "price": 226}], "date_of_purchase": "2019-01-15 19:08:00"}
{"customer_id": "C42", "basket": [{"product_id": "P29", "price": 1616}, {"product_id": "P34", "price": 381}, {"product_id": "P28", "price": 885}], "date_of_purchase": "2019-01-15 12:23:00"}
{"customer_id": "C48", "basket": [{"product_id": "P40", "price": 1599}, {"product_id": "P39", "price": 1821}, {"product_id": "P39", "price": 1095}], "date_of_purchase": "2019-01-15 17:25:00"}
{"customer_id": "C49", "basket": [{"product_id": "P27", "price": 1476}], "date_of_purchase": "2019-01-15 20:57:00"}
{"customer_id": "C60", "basket": [{"product_id": "P20", "price": 1244}, {"product_id": "P13", "price": 1137}, {"product_id": "P14", "price": 1814}], "date_of_purchase": "2019-01-15 17:34:00"}
{"customer_id": "C61", "basket": [{"product_id": "P55", "price": 1050}, {"product_id": "P50", "price": 899}], "date_of_purchase": "2019-01-15 20:24:00"}
{"customer_id": "C65", "basket": [{"product_id": "P38", "price": 1329}, {"product_id": "P36", "price": 1004}], "date_of_purchase": "2019-01-15 19:16:00"}
{"customer_id": "C71", "basket": [{"product_id": "P38", "price": 286}], "date_of_purchase": "2019-01-15 22:30:00"}
{"customer_id": "C82", "basket": [{"product_id": "P17", "price": 89}, {"product_id": "P17", "price": 306}, {"product_id": "P19", "price": 157}], "date_of_purchase": "2019-01-15 11:19:00"}
{"customer_id": "C84", "basket": [{"product_id": "P16", "price": 1796}, {"product_id": "P14", "price": 109}, {"product_id": "P15", "price": 1107}], "date_of_purchase": "2019-01-15 08:26:00"}
{"customer_id": "C90", "basket": [{"product_id": "P56", "price": 995}, {"product_id": "P49", "price": 103}], "date_of_purchase": "2019-01-15 11:32:00"}
{"customer_id": "C91", "basket": [{"product_id": "P51", "price": 1810}], "date_of_purchase": "2019-01-15 16:17:00"}
{"customer_id": "C95", "basket": [{"product_id": "P33", "price": 1232}], "date_of_purchase": "2019-01-15 23:12:00"}
{"customer_id": "C100", "basket": [{"product_id": "P56", "price": 440}, {"product_id": "P59", "price": 208}, {"product_id": "P41", "price": 862}], "date_of_purchase": "2019-01-15 05:38:00"}
{"customer_id": "C101", "basket": [{"product_id": "P16", "price": 238}], "date_of_purchase": "2019-01-15 10:47:00"}
{"customer_id": "C122", "basket": [{"product_id": "P11", "price": 1669}, {"product_id": "P03", "price": 301}, {"product_id": "P07", "price": 324}], "date_of_purchase": "2019-01-15 15:06:00"}
{"customer_id": "C132", "basket": [{"product_id": "P35", "price": 1086}, {"product_id": "P36", "price": 399}], "date_of_purchase": "2019-01-15 21:09:00"}
{"customer_id": "C134", "basket": [{"product_id": "P41", "price": 1430}], "date_of_purchase": "2019-01-15 08:35:00"}
