{"customer_id": "C1", "basket": [{"product_id": "P26", "price": 1984}, {"product_id": "P34", "price": 1480}, {"product_id": "P30", "price": 312}], "date_of_purchase": "2019-01-23 17:52:00"}
{"customer_id": "C3", "basket": [{"product_id": "P36", "price": 1349}], "date_of_purchase": "2019-01-23 14:26:00"}
{"customer_id": "C5", "basket": [{"product_id": "P27", "price": 208}], "date_of_purchase": "2019-01-23 14:41:00"}
{"customer_id": "C9", "basket": [{"product_id": "P35", "price": 1033}], "date_of_purchase": "2019-01-23 08:58:00"}
{"customer_id": "C10", "basket": [{"product_id": "P11", "price": 78}, {"product_id": "P03", "price": 1395}, {"product_id": "P01", "price": 1529}], "date_of_purchase": "2019-01-23 23:33:00"}
{"customer_id": "C20", "basket": [{"product_id": "P27", "price": 1272}, {"product_id": "P30", "price": 61}, {"product_id": "P29", "price": 493}], "date_of_purchase": "2019-01-23 17:11:00"}
{"customer_id": "C24", "basket": [{"product_id": "P03", "price": 1059}, {"product_id": "P07", "price": 787}, {"product_id": "P05", "price": 491}], "date_of_purchase": "2019-01-23 23:21:00"}
{"customer_id": "C25", "basket": [{"product_id": "P32", "price": 1044}], "date_of_purchase": "2019-01-23 02:55:00"}
{"customer_id": "C34", "basket": [{"product_id": "P57", "price": 1300}, {"product_id": "P55", "price": 365}, {"product_id": "P46", "price": 1886}], "date_of_purchase": "2019-01-23 04:53:00"}
{"customer_id": "C35", "basket": [{"product_id": "P51", "price": 598}], "date_of_purchase": "2019-01-23 20:50:00"}
{"customer_id": "C48", "basket": [{"product_id": "P04", "price": 1592}, {"product_id": "P05", "price": 349}], "date_of_purchase": "2019-01-23 15:49:00"}
{"customer_id": "C49", "basket": [{"product_id": "P63", "price": 376}, {"product_id": "P64", "price": 1066}, {"product_id": "P62", "price": 585}], "date_of_purchase": "2019-01-23 12:17:00"}
{"customer_id": "C57", "basket": [{"product_id": "P13", "price": 934}, {"product_id": "P18", "price": 291}], "date_of_purchase": "2019-01-23 05:17:00"}
{"customer_id": "C63", "basket": [{"product_id": "P29", "price": 404}, {"product_id": "P32", "price": 757}], "date_of_purchase": "2019-01-23 12:50:00"}
{"customer_id": "C68", "basket": [{"product_id": "P24", "price": 960}, {"product_id": "P28", "price": 662}], "date_of_purchase": "2019-01-23 12:13:00"}
{"customer_id": "C69", "basket": [{"product_id": "P43", "price": 63}], "date_of_purchase": "2019-01-23 04:54:00"}
{"customer_id": "C70", "basket": [{"product_id": "P23", "price": 733}], "date_of_purchase": "2019-01-23 23:16:00"}
{"customer_id": "C71", "basket": [{"product_id": "P59", "price": 1795}], "date_of_purchase": "2019-01-23 09:09:00"}
{"customer_id": "C74", "basket": [{"product_id": "P40", "price": 449}, {"product_id": "P36", "price": 605}], "date_of_purchase": "2019-01-23 10:00:00"}
{"customer_id": "C75", "basket": [{"product_id": "P37", "price": 318}], "date_of_purchase": "2019-01-23 23:07:00"}
{"customer_id": "C82", "basket": [{"product_id": "P61", "price": 966}, {"product_id": "P64", "price": 276}], "date_of_purchase": "2019-01-23 12:54:00"}
{"customer_id": "C87", "basket": [{"product_id": "P29", "price": 1667}, {"product_id": "P31", "price": 1881}, {"product_id": "P30", "price": 1957}], "date_of_purchase": "2019-01-23 05:15:00"}
{"customer_id": "C101", "basket": [{"product_id": "P18", "price": 1089}, {"product_id": "P17", "price": 336}], "date_of_purchase": "2019-01-23 10:37:00"}
{"customer_id": "C108", "basket": [{"product_id": "P34", "price": 1865}, {"product_id": "P28", "price": 30}, {"product_id": "P28", "price": 403}], "date_of_purchase": "2019-01-23 04:07:00"}
{"customer_id": "C109", "basket": [{"product_id": "P07", "price": 1259}, {"product_id": "P06", "price": 1410}], "date_of_purchase": "2019-01-23 12:47:00"}
{"customer_id": "C119", "basket": [{"product_id": "P64", "price": 1143}, {"product_id": "P63", "price": 1936}], "date_of_purchase": "2019-01-23 06:18:00"}
{"customer_id": "C120", "basket": [{"product_id": "P17", "price": 1739}, {"product_id": "P14", "price": 1221}, {"product_id": "P16", "price": 790}], "date_of_purchase": "2019-01-23 18:27:00"}
{"customer_id": "C123", "basket": [{"product_id": "P62", "price": 714}, {"product_id": "P62", "price": 618}, {"product_id": "P62", "price": 814}], "date_of_purchase": "2019-01-23 18:26:00"}
{"customer_id": "C125", "basket": [{"product_id": "P05", "price": 1546}, {"product_id": "P12", "price": 882}, {"product_id": "P06", "price": 1960}], "date_of_purchase": "2019-01-23 20:10:00"}
{"customer_id": "C132", "basket": [{"product_id": "P34", "price": 295}, {"product_id": "P33", "price": 1110}, {"product_id": "P31", "price": 304}], "date_of_purchase": "2019-01-23 13:14:00"}
{"customer_id": "C133", "basket": [{"product_id": "P23", "price": 944}, {"product_id": "P33", "price": 347}], "date_of_purchase": "2019-01-23 14:19:00"}
