{"customer_id": "C7", "basket": [{"product_id": "P37", "price": 1129}, {"product_id": "P35", "price": 1339}, {"product_id": "P36", "price": 163}], "date_of_purchase": "2018-12-17 11:47:00"}
{"customer_id": "C11", "basket": [{"product_id": "P35", "price": 1737}, {"product_id": "P36", "price": 357}, {"product_id": "P38", "price": 529}], "date_of_purchase": "2018-12-17 03:40:00"}
{"customer_id": "C13", "basket": [{"product_id": "P61", "price": 556}], "date_of_purchase": "2018-12-17 05:54:00"}
{"customer_id": "C22", "basket": [{"product_id": "P22", "price": 1500}, {"product_id": "P31", "price": 1855}, {"product_id": "P23", "price": 868}], "date_of_purchase": "2018-12-17 19:41:00"}
{"customer_id": "C23", "basket": [{"product_id": "P40", "price": 1667}, {"product_id": "P40", "price": 485}], "date_of_purchase": "2018-12-17 18:33:00"}
{"customer_id": "C26", "basket": [{"product_id": "P54", "price": 848}, {"product_id": "P52", "price": 1776}], "date_of_purchase": "2018-12-17 10:01:00"}
{"customer_id": "C30", "basket": [{"product_id": "P37", "price": 340}], "date_of_purchase": "2018-12-17 14:41:00"}
{"customer_id": "C35", "basket": [{"product_id": "P58", "price": 850}, {"product_id": "P49", "price": 130}], "date_of_purchase": "2018-12-17 18:08:00"}
{"customer_id": "C39", "basket": [{"product_id": "P05", "price": 210}, {"product_id": "P12", "price": 976}], "date_of_purchase": "2018-12-17 08:56:00"}
{"customer_id": "C41", "basket": [{"product_id": "P40", "price": 1726}, {"product_id": "P40", "price": 1980}], "date_of_purchase": "2018-12-17 04:27:00"}
{"customer_id": "C48", "basket": [{"product_id": "P37", "price": 1019}], "date_of_purchase": "2018-12-17 19:54:00"}
{"customer_id": "C57", "basket": [{"product_id": "P19", "price": 1727}, {"product_id": "P18", "price": 423}, {"product_id": "P21", "price": 1317}], "date_of_purchase": "2018-12-17 16:20:00"}
{"customer_id": "C58", "basket": [{"product_id": "P13", "price": 9}], "date_of_purchase": "2018-12-17 14:07:00"}
{"customer_id": "C60", "basket": [{"product_id": "P26", "price": 1947}, {"product_id": "P23", "price": 751}], "date_of_purchase": "2018-12-17 09:23:00"}
{"customer_id": "C61", "basket": [{"product_id": "P37", "price": 1603}, {"product_id": "P37", "price": 623}, {"product_id": "P36", "price": 1104}], "date_of_purchase": "2018-12-17 15:52:00"}
{"customer_id": "C64", "basket": [{"product_id": "P33", "price": 7}, {"product_id": "P29", "price": 790}, {"product_id": "P28", "price": 871}], "date_of_purchase": "2018-12-17 13:55:00"}
{"customer_id": "C65", "basket": [{"product_id": "P25", "price": 742}], "date_of_purchase": "2018-12-17 03:52:00"}
{"customer_id": "C66", "basket": [{"product_id": "P09", "price": 1557}], "date_of_purchase": "2018-12-17 07:58:00"}
{"customer_id": "C69", "basket": [{"product_id": "P46", "price": 167}], "date_of_purchase": "2018-12-17 20:15:00"}
{"customer_id": "C72", "basket": [{"product_id": "P03", "price": 847}], "date_of_purchase": "2018-12-17 13:44:00"}
{"customer_id": "C87", "basket": [{"product_id": "P22", "price": 973}, {"product_id": "P29", "price": 1837}], "date_of_purchase": "2018-12-17 14:23:00"}
{"customer_id": "C90", "basket": [{"product_id": "P62", "price": 1416}, {"product_id": "P63", "price": 489}], "date_of_purchase": "2018-12-17 15:47:00"}
{"customer_id": "C92", "basket": [{"product_id": "P27", "price": 1123}], "date_of_purchase": "2018-12-17 17:24:00"}
{"customer_id": "C95", "basket": [{"product_id": "P61", "price": 1932}, {"product_id": "P62", "price": 489}, {"product_id": "P61", "price": 1261}], "date_of_purchase": "2018-12-17 08:07:00"}
{"customer_id": "C96", "basket": [{"product_id": "P41", "price": 1224}, {"product_id": "P58", "price": 1296}], "date_of_purchase": "2018-12-17 23:05:00"}
{"customer_id": "C98", "basket": [{"product_id": "P30", "price": 848}, {"product_id": "P34", "price": 651}], "date_of_purchase": "2018-12-17 13:51:00"}
{"customer_id": "C108", "basket": [{"product_id": "P11", "price": 242}, {"product_id": "P12", "price": 1527}], "date_of_purchase": "2018-12-17 10:35:00"}
{"customer_id": "C119", "basket": [{"product_id": "P33", "price": 1728}], "date_of_purchase": "2018-12-17 03:23:00"}
{"customer_id": "C120", "basket": [{"product_id": "P24", "price": 1292}, {"product_id": "P22", "price": 1999}, {"product_id": "P33", "price": 1490}], "date_of_purchase": "2018-12-17 15:32:00"}
{"customer_id": "C130", "basket": [{"product_id": "P38", "price": 668}, {"product_id": "P40", "price": 1932}, {"product_id": "P38", "price": 1972}], "date_of_purchase": "2018-12-17 09:28:00"}
{"customer_id": "C131", "basket": [{"product_id": "P04", "price": 1215}, {"product_id": "P01", "price": 548}, {"product_id": "P08", "price": 894}], "date_of_purchase": "2018-12-17 22:19:00"}
