{"customer_id": "C2", "basket": [{"product_id": "P62", "price": 1355}, {"product_id": "P63", "price": 1939}, {"product_id": "P61", "price": 373}], "date_of_purchase": "2019-01-13 20:56:00"}
{"customer_id": "C9", "basket": [{"product_id": "P40", "price": 1845}, {"product_id": "P38", "price": 1140}], "date_of_purchase": "2019-01-13 20:42:00"}
{"customer_id": "C14", "basket": [{"product_id": "P26", "price": 176}], "date_of_purchase": "2019-01-13 04:12:00"}
{"customer_id": "C19", "basket": [{"product_id": "P55", "price": 974}], "date_of_purchase": "2019-01-13 05:37:00"}
{"customer_id": "C21", "basket": [{"product_id": "P62", "price": 366}], "date_of_purchase": "2019-01-13 13:11:00"}
{"customer_id": "C22", "basket": [{"product_id": "P42", "price": 1942}, {"product_id": "P53", "price": 1234}, {"product_id": "P48", "price": 1680}], "date_of_purchase": "2019-01-13 06:40:00"}
{"customer_id": "C23", "basket": [{"product_id": "P39", "price": 702}, {"product_id": "P35", "price": 349}, {"product_id": "P36", "price": 691}], "date_of_purchase": "2019-01-13 21:08:00"}
{"customer_id": "C31", "basket": [{"product_id": "P42", "price": 1182}, {"product_id": "P56", "price": 608}], "date_of_purchase": "2019-01-13 15:31:00"}
{"customer_id": "C34", "basket": [{"product_id": "P35", "price": 204}, {"product_id": "P38", "price": 522}, {"product_id": "P38", "price": 228}], "date_of_purchase": "2019-01-13 18:22:00"}
{"customer_id": "C35", "basket": [{"product_id": "P51", "price": 1683}, {"product_id": "P53", "price": 1763}], "date_of_purchase": "2019-01-13 19:06:00"}
{"customer_id": "C52", "basket": [{"product_id": "P42", "price": 567}, {"product_id": "P49", "price": 1560}], "date_of_purchase": "2019-01-13 06:01:00"}
{"customer_id": "C58", "basket": [{"product_id": "P61", "price": 983}, {"product_id": "P61", "price": 1703}], "date_of_purchase": "2019-01-13 18:37:00"}
{"customer_id": "C63", "basket": [{"product_id": "P32", "price": 796}, {"product_id": "P26", "price": 167}], "date_of_purchase": "2019-01-13 07:46:00"}
{"customer_id": "C66", "basket": [{"product_id": "P09", "price": 669}, {"product_id": "P03", "price": 97}], "date_of_purchase": "2019-01-13 17:22:00"}
{"customer_id": "C83", "basket": [{"product_id": "P55", "price": 349}], "date_of_purchase": "2019-01-13 07:24:00"}
{"customer_id": "C87", "basket": [{"product_id": "P61", "price": 139}, {"product_id": "P61", "price": 1249}], "date_of_purchase": "2019-01-13 21:58:00"}
{"customer_id": "C96", "basket": [{"product_id": "P09", "price": 1695}], "date_of_purchase": "2019-01-13 03:16:00"}
{"customer_id": "C101", "basket": [{"product_id": "P17", "price": 1355}, {"product_id": "P14", "price": 109}, {"product_id": "P13", "price": 868}], "date_of_purchase": "2019-01-13 07:44:00"}
{"customer_id": "C104", "basket": [{"product_id": "P12", "price": 683}, {"product_id": "P07", "price": 1693}], "date_of_purchase": "2019-01-13 22:03:00"}
{"customer_id": "C110", "basket": [{"product_id": "P57", "price": 1655}, {"product_id": "P41", "price": 1058}, {"product_id": "P45", "price": 847}], "date_of_purchase": "2019-01-13 07:53:00"}
{"customer_id": "C111", "basket": [{"product_id": "P25", "price": 990}, {"product_id": "P28", "price": 1234}, {"product_id": "P28", "price": 591}], "date_of_purchase": "2019-01-13 16:07:00"}
{"customer_id": "C112", "basket": [{"product_id": "P22", "price": 1409}, {"product_id": "P22", "price": 760}, {"product_id": "P24", "price": 1656}], "date_of_purchase": "2019-01-13 06:23:00"}
{"customer_id": "C115", "basket": [{"product_id": "P35", "price": 1580}, {"product_id": "P37", "price": 1713}], "date_of_purchase": "2019-01-13 21:14:00"}
{"customer_id": "C117", "basket": [{"product_id": "P47", "price": 1073}, {"product_id": "P57", "price": 90}, {"product_id": "P55", "price": 845}], "date_of_purchase": "2019-01-13 21:56:00"}
{"customer_id": "C126", "basket": [{"product_id": "P38", "price": 258}, {"product_id": "P35", "price": 834}, {"product_id": "P36", "price": 1472}], "date_of_purchase": "2019-01-13 03:13:00"}
