{"customer_id": "C3", "basket": [{"product_id": "P36", "price": 1989}, {"product_id": "P37", "price": 1726}, {"product_id": "P37", "price": 952}], "date_of_purchase": "2018-12-10 12:52:00"}
{"customer_id": "C11", "basket": [{"product_id": "P36", "price": 956}], "date_of_purchase": "2018-12-10 20:18:00"}
{"customer_id": "C20", "basket": [{"product_id": "P22", "price": 1804}], "date_of_purchase": "2018-12-10 11:03:00"}
{"customer_id": "C22", "basket": [{"product_id": "P24", "price": 536}, {"product_id": "P25", "price": 670}, {"product_id": "P33", "price": 1570}], "date_of_purchase": "2018-12-10 20:57:00"}
{"customer_id": "C33", "basket": [{"product_id": "P24", "price": 903}, {"product_id": "P31", "price": 808}, {"product_id": "P28", "price": 334}], "date_of_purchase": "2018-12-10 21:44:00"}
{"customer_id": "C48", "basket": [{"product_id": "P52", "price": 1186}, {"product_id": "P58", "price": 1668}, {"product_id": "P42", "price": 1447}], "date_of_purchase": "2018-12-10 02:50:00"}
{"customer_id": "C57", "basket": [{"product_id": "P20", "price": 653}], "date_of_purchase": "2018-12-10 05:29:00"}
{"customer_id": "C61", "basket": [{"product_id": "P51", "price": 1093}, {"product_id": "P56", "price": 667}, {"product_id": "P56", "price": 1343}], "date_of_purchase": "2018-12-10 15:38:00"}
{"customer_id": "C63", "basket": [{"product_id": "P41", "price": 1660}, {"product_id": "P49", "price": 1332}, {"product_id": "P50", "price": 1183}], "date_of_purchase": "2018-12-10 11:28:00"}
{"customer_id": "C66", "basket": [{"product_id": "P12", "price": 1949}, {"product_id": "P06", "price": 1116}, {"product_id": "P01", "price": 327}], "date_of_purchase": "2018-12-10 18:56:00"}
{"customer_id": "C78", "basket": [{"product_id": "P03", "price": 1609}], "date_of_purchase": "2018-12-10 12:08:00"}
{"customer_id": "C85", "basket": [{"product_id": "P34", "price": 1514}, {"product_id": "P23", "price": 948}], "date_of_purchase": "2018-12-10 23:35:00"}
{"customer_id": "C87", "basket": [{"product_id": "P60", "price": 423}], "date_of_purchase": "2018-12-10 23:49:00"}
{"customer_id": "C90", "basket": [{"product_id": "P22", "price": 1981}], "date_of_purchase": "2018-12-10 20:47:00"}
{"customer_id": "C103", "basket": [{"product_id": "P46", "price": 1622}, {"product_id": "P57", "price": 96}, {"product_id": "P55", "price": 1813}], "date_of_purchase": "2018-12-10 06:30:00"}
{"customer_id": "C106", "basket": [{"product_id": "P31", "price": 416}, {"product_id": "P25", "price": 1946}], "date_of_purchase": "2018-12-10 18:59:00"}
{"customer_id": "C107", "basket": [{"product_id": "P07", "price": 1221}], "date_of_purchase": "2018-12-10 13:00:00"}
{"customer_id": "C110", "basket": [{"product_id": "P52", "price": 1814}, {"product_id": "P41", "price": 1797}], "date_of_purchase": "2018-12-10 15:12:00"}
{"customer_id": "C114", "basket": [{"product_id": "P31", "price": 711}, {"product_id": "P34", "price": 1052}, {"product_id": "P33", "price": 1372}], "date_of_purchase": "2018-12-10 12:50:00"}
{"customer_id": "C118", "basket": [{"product_id": "P42", "price": 1455}, {"product_id": "P60", "price": 1107}], "date_of_purchase": "2018-12-10 11:13:00"}
{"customer_id": "C120", "basket": [{"product_id": "P12", "price": 1128}, {"product_id": "P01", "price": 814}, {"product_id": "P05", "price": 1520}], "date_of_purchase": "2018-12-10 15:42:00"}
{"customer_id": "C123", "basket": [{"product_id": "P62", "price": 466}, {"product_id": "P63", "price": 1863}, {"product_id": "P61", "price": 464}], "date_of_purchase": "2018-12-10 18:29:00"}
{"customer_id": "C131", "basket": [{"product_id": "P42", "price": 1369}, {"product_id": "P50", "price": 1973}], "date_of_purchase": "2018-12-10 12:38:00"}
{"customer_id": "C133", "basket": [{"product_id": "P40", "price": 460}], "date_of_purchase": "2018-12-10 06:16:00"}
