{"customer_id": "C10", "basket": [{"product_id": "P47", "price": 959}], "date_of_purchase": "2018-12-25 20:53:00"}
{"customer_id": "C13", "basket": [{"product_id": "P62", "price": 1442}], "date_of_purchase": "2018-12-25 11:24:00"}
{"customer_id": "C15", "basket": [{"product_id": "P36", "price": 683}], "date_of_purchase": "2018-12-25 07:44:00"}
{"customer_id": "C20", "basket": [{"product_id": "P27", "price": 432}], "date_of_purchase": "2018-12-25 03:59:00"}
{"customer_id": "C22", "basket": [{"product_id": "P11", "price": 1999}], "date_of_purchase": "2018-12-25 13:35:00"}
{"customer_id": "C23", "basket": [{"product_id": "P36", "price": 795}], "date_of_purchase": "2018-12-25 06:59:00"}
{"customer_id": "C56", "basket": [{"product_id": "P34", "price": 1533}, {"product_id": "P30", "price": 1681}, {"product_id": "P30", "price": 205}], "date_of_purchase": "2018-12-25 06:43:00"}
{"customer_id": "C69", "basket": [{"product_id": "P28", "price": 825}, {"product_id": "P24", "price": 1764}], "date_of_purchase": "2018-12-25 07:29:00"}
{"customer_id": "C82", "basket": [{"product_id": "P31", "price": 442}, {"product_id": "P23", "price": 1977}, {"product_id": "P24", "price": 1908}], "date_of_purchase": "2018-12-25 22:27:00"}
{"customer_id": "C93", "basket": [{"product_id": "P29", "price": 1621}], "date_of_purchase": "2018-12-25 06:08:00"}
{"customer_id": "C96", "basket": [{"product_id": "P12", "price": 1960}, {"product_id": "P04", "price": 1919}], "date_of_purchase": "2018-12-25 07:24:00"}
{"customer_id": "C99", "basket": [{"product_id": "P58", "price": 1237}, {"product_id": "P41", "price": 701}, {"product_id": "P47", "price": 1308}], "date_of_purchase": "2018-12-25 15:28:00"}
{"customer_id": "C101", "basket": [{"product_id": "P18", "price": 341}], "date_of_purchase": "2018-12-25 20:26:00"}
{"customer_id": "C104", "basket": [{"product_id": "P08", "price": 1120}, {"product_id": "P02", "price": 1017}, {"product_id": "P08", "price": 973}], "date_of_purchase": "2018-12-25 21:27:00"}
{"customer_id": "C109", "basket": [{"product_id": "P37", "price": 1221}, {"product_id": "P36", "price": 1549}], "date_of_purchase": "2018-12-25 04:45:00"}
{"customer_id": "C110", "basket": [{"product_id": "P25", "price": 151}, {"product_id": "P28", "price": 748}], "date_of_purchase": "2018-12-25 03:44:00"}
{"customer_id": "C112", "basket": [{"product_id": "P40", "price": 1016}, {"product_id": "P35", "price": 909}], "date_of_purchase": "2018-12-25 15:50:00"}
{"customer_id": "C117", "basket": [{"product_id": "P34", "price": 568}], "date_of_purchase": "2018-12-25 19:27:00"}
{"customer_id": "C120", "basket": [{"product_id": "P03", "price": 1656}, {"product_id": "P07", "price": 127}, {"product_id": "P04", "price": 1139}], "date_of_purchase": "2018-12-25 17:32:00"}
{"customer_id": "C121", "basket": [{"product_id": "P53", "price": 243}, {"product_id": "P50", "price": 976}, {"product_id": "P50", "price": 451}], "date_of_purchase": "2018-12-25 16:28:00"}
{"customer_id": "C122", "basket": [{"product_id": "P58", "price": 1763}, {"product_id": "P45", "price": 1629}, {"product_id": "P52", "price": 531}], "date_of_purchase": "2018-12-25 15:37:00"}
{"customer_id": "C125", "basket": [{"product_id": "P39", "price": 1391}, {"product_id": "P39", "price": 1055}, {"product_id": "P38", "price": 1507}], "date_of_purchase": "2018-12-25 11:07:00"}
{"customer_id": "C130", "basket": [{"product_id": "P23", "price": 1773}, {"product_id": "P30", "price": 1184}], "date_of_purchase": "2018-12-25 17:48:00"}
{"customer_id": "C132", "basket": [{"product_id": "P50", "price": 490}, {"product_id": "P55", "price": 354}], "date_of_purchase": "2018-12-25 14:31:00"}
