{"customer_id": "C2", "basket": [{"product_id": "P53", "price": 576}, {"product_id": "P59", "price": 1918}], "date_of_purchase": "2018-12-24 03:17:00"}
{"customer_id": "C8", "basket": [{"product_id": "P11", "price": 263}, {"product_id": "P03", "price": 342}], "date_of_purchase": "2018-12-24 03:57:00"}
{"customer_id": "C13", "basket": [{"product_id": "P33", "price": 387}], "date_of_purchase": "2018-12-24 23:01:00"}
{"customer_id": "C16", "basket": [{"product_id": "P64", "price": 1790}, {"product_id": "P61", "price": 1628}, {"product_id": "P62", "price": 1389}], "date_of_purchase": "2018-12-24 10:21:00"}
{"customer_id": "C19", "basket": [{"product_id": "P10", "price": 463}, {"product_id": "P09", "price": 917}], "date_of_purchase": "2018-12-24 13:03:00"}
{"customer_id": "C20", "basket": [{"product_id": "P34", "price": 812}, {"product_id": "P28", "price": 1470}, {"product_id": "P25", "price": 601}], "date_of_purchase": "2018-12-24 16:49:00"}
{"customer_id": "C21", "basket": [{"product_id": "P02", "price": 139}, {"product_id": "P02", "price": 1399}], "date_of_purchase": "2018-12-24 05:52:00"}
{"customer_id": "C22", "basket": [{"product_id": "P41", "price": 59}, {"product_id": "P52", "price": 574}, {"product_id": "P42", "price": 1782}], "date_of_purchase": "2018-12-24 15:57:00"}
{"customer_id": "C35", "basket": [{"product_id": "P48", "price": 1363}, {"product_id": "P55", "price": 1813}], "date_of_purchase": "2018-12-24 15:42:00"}
{"customer_id": "C43", "basket": [{"product_id": "P62", "price": 102}, {"product_id": "P64", "price": 1862}, {"product_id": "P62", "price": 1960}], "date_of_purchase": "2018-12-24 05:03:00"}
{"customer_id": "C48", "basket": [{"product_id": "P36", "price": 73}, {"product_id": "P39", "price": 1661}], "date_of_purchase": "2018-12-24 11:42:00"}
{"customer_id": "C49", "basket": [{"product_id": "P61", "price": 795}, {"product_id": "P62", "price": 288}, {"product_id": "P64", "price": 314}], "date_of_purchase": "2018-12-24 10:13:00"}
{"customer_id": "C57", "basket": [{"product_id": "P19", "price": 975}, {"product_id": "P16", "price": 804}, {"product_id": "P20", "price": 1507}], "date_of_purchase": "2018-12-24 10:22:00"}
{"customer_id": "C61", "basket": [{"product_id": "P45", "price": 1021}], "date_of_purchase": "2018-12-24 18:12:00"}
{"customer_id": "C63", "basket": [{"product_id": "P11", "price": 1262}], "date_of_purchase": "2018-12-24 06:50:00"}
{"customer_id": "C67", "basket": [{"product_id": "P22", "price": 7}, {"product_id": "P26", "price": 182}], "date_of_purchase": "2018-12-24 11:28:00"}
{"customer_id": "C68", "basket": [{"product_id": "P50", "price": 685}, {"product_id": "P59", "price": 1880}], "date_of_purchase": "2018-12-24 05:23:00"}
{"customer_id": "C69", "basket": [{"product_id": "P34", "price": 692}, {"product_id": "P28", "price": 1578}], "date_of_purchase": "2018-12-24 23:25:00"}
{"customer_id": "C74", "basket": [{"product_id": "P64", "price": 1741}, {"product_id": "P63", "price": 1296}], "date_of_purchase": "2018-12-24 09:51:00"}
{"customer_id": "C85", "basket": [{"product_id": "P62", "price": 786}, {"product_id": "P61", "price": 1422}], "date_of_purchase": "2018-12-24 12:08:00"}
{"customer_id": "C101", "basket": [{"product_id": "P20", "price": 1300}, {"product_id": "P19", "price": 951}], "date_of_purchase": "2018-12-24 09:40:00"}
{"customer_id": "C106", "basket": [{"product_id": "P35", "price": 1578}, {"product_id": "P39", "price": 1049}], "date_of_purchase": "2018-12-24 20:06:00"}
{"customer_id": "C107", "basket": [{"product_id": "P05", "price": 1848}, {"product_id": "P01", "price": 1514}], "date_of_purchase": "2018-12-24 12:05:00"}
{"customer_id": "C110", "basket": [{"product_id": "P31", "price": 186}, {"product_id": "P33", "price": 1236}], "date_of_purchase": "2018-12-24 07:14:00"}
{"customer_id": "C114", "basket": [{"product_id": "P32", "price": 157}, {"product_id": "P24", "price": 158}, {"product_id": "P28", "price": 1309}], "date_of_purchase": "2018-12-24 16:27:00"}
{"customer_id": "C117", "basket": [{"product_id": "P46", "price": 1940}, {"product_id": "P53", "price": 1756}], "date_of_purchase": "2018-12-24 21:14:00"}
{"customer_id": "C120", "basket": [{"product_id": "P30", "price": 352}, {"product_id": "P34", "price": 1810}], "date_of_purchase": "2018-12-24 15:02:00"}
{"customer_id": "C122", "basket": [{"product_id": "P41", "price": 37}, {"product_id": "P56", "price": 428}], "date_of_purchase": "2018-12-24 12:10:00"}
{"customer_id": "C129", "basket": [{"product_id": "P37", "price": 816}, {"product_id": "P37", "price": 796}], "date_of_purchase": "2018-12-24 21:04:00"}
{"customer_id": "C130", "basket": [{"product_id": "P37", "price": 1512}, {"product_id": "P40", "price": 1243}, {"product_id": "P37", "price": 715}], "date_of_purchase": "2018-12-24 12:46:00"}
{"customer_id": "C133", "basket": [{"product_id": "P12", "price": 211}, {"product_id": "P07", "price": 66}], "date_of_purchase": "2018-12-24 08:08:00"}
