{"customer_id": "C2", "basket": [{"product_id": "P18", "price": 1554}, {"product_id": "P13", "price": 255}], "date_of_purchase": "2019-01-02 10:55:00"}
{"customer_id": "C7", "basket": [{"product_id": "P38", "price": 120}, {"product_id": "P35", "price": 1823}], "date_of_purchase": "2019-01-02 16:54:00"}
{"customer_id": "C8", "basket": [{"product_id": "P10", "price": 731}, {"product_id": "P05", "price": 559}, {"product_id": "P09", "price": 188}], "date_of_purchase": "2019-01-02 12:32:00"}
{"customer_id": "C10", "basket": [{"product_id": "P04", "price": 738}, {"product_id": "P04", "price": 642}, {"product_id": "P02", "price": 1650}], "date_of_purchase": "2019-01-02 08:26:00"}
{"customer_id": "C16", "basket": [{"product_id": "P62", "price": 898}, {"product_id": "P63", "price": 379}, {"product_id": "P61", "price": 1094}], "date_of_purchase": "2019-01-02 04:16:00"}
{"customer_id": "C21", "basket": [{"product_id": "P05", "price": 283}], "date_of_purchase": "2019-01-02 12:35:00"}
{"customer_id": "C22", "basket": [{"product_id": "P25", "price": 1594}, {"product_id": "P23", "price": 1872}, {"product_id": "P22", "price": 592}], "date_of_purchase": "2019-01-02 12:04:00"}
{"customer_id": "C23", "basket": [{"product_id": "P39", "price": 1359}, {"product_id": "P36", "price": 770}, {"product_id": "P38", "price": 870}], "date_of_purchase": "2019-01-02 12:25:00"}
{"customer_id": "C24", "basket": [{"product_id": "P01", "price": 649}, {"product_id": "P02", "price": 1260}, {"product_id": "P12", "price": 1386}], "date_of_purchase": "2019-01-02 06:31:00"}
{"customer_id": "C30", "basket": [{"product_id": "P35", "price": 219}], "date_of_purchase": "2019-01-02 20:30:00"}
{"customer_id": "C34", "basket": [{"product_id": "P37", "price": 1063}, {"product_id": "P35", "price": 1229}, {"product_id": "P39", "price": 117}], "date_of_purchase": "2019-01-02 15:36:00"}
{"customer_id": "C41", "basket": [{"product_id": "P01", "price": 1005}, {"product_id": "P01", "price": 823}, {"product_id": "P10", "price": 836}], "date_of_purchase": "2019-01-02 17:39:00"}
{"customer_id": "C62", "basket": [{"product_id": "P41", "price": 1466}, {"product_id": "P45", "price": 495}], "date_of_purchase": "2019-01-02 16:32:00"}
{"customer_id": "C63", "basket": [{"product_id": "P02", "price": 317}, {"product_id": "P04", "price": 1911}], "date_of_purchase": "2019-01-02 08:12:00"}
{"customer_id": "C64", "basket": [{"product_id": "P23", "price": 504}], "date_of_purchase": "2019-01-02 16:23:00"}
{"customer_id": "C77", "basket": [{"product_id": "P46", "price": 1666}], "date_of_purchase": "2019-01-02 16:46:00"}
{"customer_id": "C78", "basket": [{"product_id": "P02", "price": 11}], "date_of_purchase": "2019-01-02 22:35:00"}
{"customer_id": "C97", "basket": [{"product_id": "P30", "price": 1979}, {"product_id": "P33", "price": 1220}], "date_of_purchase": "2019-01-02 12:21:00"}
{"customer_id": "C100", "basket": [{"product_id": "P09", "price": 1430}], "date_of_purchase": "2019-01-02 13:35:00"}
{"customer_id": "C108", "basket": [{"product_id": "P05", "price": 914}, {"product_id": "P11", "price": 1931}, {"product_id": "P05", "price": 528}], "date_of_purchase": "2019-01-02 22:31:00"}
{"customer_id": "C112", "basket": [{"product_id": "P24", "price": 935}], "date_of_purchase": "2019-01-02 09:52:00"}
{"customer_id": "C116", "basket": [{"product_id": "P49", "price": 845}, {"product_id": "P43", "price": 196}], "date_of_purchase": "2019-01-02 11:03:00"}
{"customer_id": "C123", "basket": [{"product_id": "P62", "price": 170}, {"product_id": "P61", "price": 1733}], "date_of_purchase": "2019-01-02 06:40:00"}
{"customer_id": "C125", "basket": [{"product_id": "P29", "price": 783}, {"product_id": "P25", "price": 380}, {"product_id": "P31", "price": 1637}], "date_of_purchase": "2019-01-02 09:43:00"}
{"customer_id": "C128", "basket": [{"product_id": "P08", "price": 1821}, {"product_id": "P09", "price": 792}], "date_of_purchase": "2019-01-02 19:46:00"}
{"customer_id": "C132", "basket": [{"product_id": "P27", "price": 394}, {"product_id": "P25", "price": 115}], "date_of_purchase": "2019-01-02 04:13:00"}
