{"customer_id": "C10", "basket": [{"product_id": "P51", "price": 33}, {"product_id": "P42", "price": 1556}], "date_of_purchase": "2019-01-01 19:08:00"}
{"customer_id": "C13", "basket": [{"product_id": "P63", "price": 1362}, {"product_id": "P64", "price": 1759}, {"product_id": "P61", "price": 1749}], "date_of_purchase": "2019-01-01 22:07:00"}
{"customer_id": "C14", "basket": [{"product_id": "P29", "price": 1258}], "date_of_purchase": "2019-01-01 12:36:00"}
{"customer_id": "C21", "basket": [{"product_id": "P37", "price": 1059}, {"product_id": "P37", "price": 1481}, {"product_id": "P40", "price": 882}], "date_of_purchase": "2019-01-01 06:50:00"}
{"customer_id": "C26", "basket": [{"product_id": "P39", "price": 200}], "date_of_purchase": "2019-01-01 08:43:00"}
{"customer_id": "C29", "basket": [{"product_id": "P20", "price": 669}], "date_of_purchase": "2019-01-01 15:35:00"}
{"customer_id": "C37", "basket": [{"product_id": "P12", "price": 1958}], "date_of_purchase": "2019-01-01 10:31:00"}
{"customer_id": "C41", "basket": [{"product_id": "P01", "price": 1110}, {"product_id": "P01", "price": 1932}], "date_of_purchase": "2019-01-01 11:56:00"}
{"customer_id": "C48", "basket": [{"product_id": "P37", "price": 553}], "date_of_purchase": "2019-01-01 15:19:00"}
{"customer_id": "C51", "basket": [{"product_id": "P53", "price": 1945}, {"product_id": "P43", "price": 1834}], "date_of_purchase": "2019-01-01 10:28:00"}
{"customer_id": "C52", "basket": [{"product_id": "P51", "price": 1563}], "date_of_purchase": "2019-01-01 05:19:00"}
{"customer_id": "C56", "basket": [{"product_id": "P34", "price": 417}, {"product_id": "P23", "price": 1201}], "date_of_purchase": "2019-01-01 04:59:00"}
{"customer_id": "C60", "basket": [{"product_id": "P31", "price": 192}, {"product_id": "P29", "price": 772}, {"product_id": "P24", "price": 1723}], "date_of_purchase": "2019-01-01 14:41:00"}
{"customer_id": "C65", "basket": [{"product_id": "P38", "price": 254}, {"product_id": "P35", "price": 1823}], "date_of_purchase": "2019-01-01 19:06:00"}
{"customer_id": "C67", "basket": [{"product_id": "P31", "price": 1849}, {"product_id": "P27", "price": 1495}], "date_of_purchase": "2019-01-01 06:43:00"}
{"customer_id": "C78", "basket": [{"product_id": "P11", "price": 135}, {"product_id": "P12", "price": 76}], "date_of_purchase": "2019-01-01 18:40:00"}
{"customer_id": "C84", "basket": [{"product_id": "P34", "price": 96}, {"product_id": "P34", "price": 1395}], "date_of_purchase": "2019-01-01 11:42:00"}
{"customer_id": "C88", "basket": [{"product_id": "P39", "price": 822}], "date_of_purchase": "2019-01-01 22:10:00"}
{"customer_id": "C106", "basket": [{"product_id": "P35", "price": 492}, {"product_id": "P38", "price": 1369}, {"product_id": "P36", "price": 1601}], "date_of_purchase": "2019-01-01 04:25:00"}
{"customer_id": "C109", "basket": [{"product_id": "P13", "price": 531}, {"product_id": "P14", "price": 1114}, {"product_id": "P16", "price": 1127}], "date_of_purchase": "2019-01-01 12:17:00"}
{"customer_id": "C113", "basket": [{"product_id": "P25", "price": 823}, {"product_id": "P30", "price": 637}], "date_of_purchase": "2019-01-01 04:54:00"}
{"customer_id": "C120", "basket": [{"product_id": "P17", "price": 1620}, {"product_id": "P15", "price": 1480}, {"product_id": "P20", "price": 1135}], "date_of_purchase": "2019-01-01 22:36:00"}
{"customer_id": "C134", "basket": [{"product_id": "P06", "price": 998}, {"product_id": "P03", "price": 1660}], "date_of_purchase": "2019-01-01 18:40:00"}
