{"customer_id": "C4", "basket": [{"product_id": "P30", "price": 1729}, {"product_id": "P28", "price": 777}], "date_of_purchase": "2018-12-30 15:09:00"}
{"customer_id": "C10", "basket": [{"product_id": "P39", "price": 833}, {"product_id": "P36", "price": 1441}], "date_of_purchase": "2018-12-30 05:31:00"}
{"customer_id": "C16", "basket": [{"product_id": "P39", "price": 1307}, {"product_id": "P40", "price": 182}, {"product_id": "P38", "price": 451}], "date_of_purchase": "2018-12-30 15:33:00"}
{"customer_id": "C36", "basket": [{"product_id": "P61", "price": 1689}, {"product_id": "P63", "price": 246}, {"product_id": "P62", "price": 1199}], "date_of_purchase": "2018-12-30 23:28:00"}
{"customer_id": "C42", "basket": [{"product_id": "P06", "price": 1069}, {"product_id": "P02", "price": 350}], "date_of_purchase": "2018-12-30 05:09:00"}
{"customer_id": "C52", "basket": [{"product_id": "P45", "price": 478}, {"product_id": "P56", "price": 1275}], "date_of_purchase": "2018-12-30 11:54:00"}
{"customer_id": "C56", "basket": [{"product_id": "P32", "price": 652}, {"product_id": "P25", "price": 411}], "date_of_purchase": "2018-12-30 23:51:00"}
{"customer_id": "C58", "basket": [{"product_id": "P63", "price": 1904}], "date_of_purchase": "2018-12-30 06:58:00"}
{"customer_id": "C59", "basket": [{"product_id": "P62", "price": 1802}, {"product_id": "P64", "price": 1327}], "date_of_purchase": "2018-12-30 23:33:00"}
{"customer_id": "C61", "basket": [{"product_id": "P53", "price": 867}], "date_of_purchase": "2018-12-30 10:57:00"}
{"customer_id": "C67", "basket": [{"product_id": "P28", "price": 131}, {"product_id": "P30", "price": 376}], "date_of_purchase": "2018-12-30 10:52:00"}
{"customer_id": "C74", "basket": [{"product_id": "P35", "price": 1512}, {"product_id": "P37", "price": 568}, {"product_id": "P39", "price": 943}], "date_of_purchase": "2018-12-30 09:54:00"}
{"customer_id": "C80", "basket": [{"product_id": "P36", "price": 1178}, {"product_id": "P38", "price": 1918}], "date_of_purchase": "2018-12-30 04:16:00"}
{"customer_id": "C85", "basket": [{"product_id": "P63", "price": 487}, {"product_id": "P64", "price": 3}, {"product_id": "P61", "price": 1201}], "date_of_purchase": "2018-12-30 04:53:00"}
{"customer_id": "C96", "basket": [{"product_id": "P31", "price": 1026}], "date_of_purchase": "2018-12-30 15:32:00"}
{"customer_id": "C101", "basket": [{"product_id": "P17", "price": 65}, {"product_id": "P13", "price": 1880}, {"product_id": "P20", "price": 1169}], "date_of_purchase": "2018-12-30 06:44:00"}
{"customer_id": "C103", "basket": [{"product_id": "P61", "price": 1544}, {"product_id": "P61", "price": 471}], "date_of_purchase": "2018-12-30 07:54:00"}
{"customer_id": "C109", "basket": [{"product_id": "P01", "price": 1987}, {"product_id": "P08", "price": 535}], "date_of_purchase": "2018-12-30 05:07:00"}
{"customer_id": "C111", "basket": [{"product_id": "P49", "price": 197}, {"product_id": "P42", "price": 1825}], "date_of_purchase": "2018-12-30 10:19:00"}
{"customer_id": "C117", "basket": [{"product_id": "P43", "price": 1702}, {"product_id": "P59", "price": 1432}], "date_of_purchase": "2018-12-30 19:22:00"}
{"customer_id": "C125", "basket": [{"product_id": "P07", "price": 1986}, {"product_id": "P08", "price": 1875}], "date_of_purchase": "2018-12-30 07:37:00"}
{"customer_id": "C129", "basket": [{"product_id": "P39", "price": 513}, {"product_id": "P39", "price": 680}], "date_of_purchase": "2018-12-30 19:03:00"}
{"customer_id": "C131", "basket": [{"product_id": "P09", "price": 1877}], "date_of_purchase": "2018-12-30 04:03:00"}
{"customer_id": "C133", "basket": [{"product_id": "P45", "price": 269}], "date_of_purchase": "2018-12-30 05:02:00"}
{"customer_id": "C137", "basket": [{"product_id": "P11", "price": 1250}], "date_of_purchase": "2018-12-30 15:53:00"}
