{"customer_id": "C1", "basket": [{"product_id": "P23", "price": 1157}], "date_of_purchase": "2018-12-20 15:44:00"}
{"customer_id": "C3", "basket": [{"product_id": "P46", "price": 301}], "date_of_purchase": "2018-12-20 16:14:00"}
{"customer_id": "C21", "basket": [{"product_id": "P11", "price": 696}, {"product_id": "P02", "price": 864}, {"product_id": "P12", "price": 1446}], "date_of_purchase": "2018-12-20 12:20:00"}
{"customer_id": "C25", "basket": [{"product_id": "P04", "price": 292}, {"product_id": "P09", "price": 22}], "date_of_purchase": "2018-12-20 20:29:00"}
{"customer_id": "C26", "basket": [{"product_id": "P18", "price": 1919}], "date_of_purchase": "2018-12-20 16:10:00"}
{"customer_id": "C57", "basket": [{"product_id": "P20", "price": 464}], "date_of_purchase": "2018-12-20 21:09:00"}
{"customer_id": "C63", "basket": [{"product_id": "P34", "price": 1844}], "date_of_purchase": "2018-12-20 17:48:00"}
{"customer_id": "C65", "basket": [{"product_id": "P30", "price": 584}], "date_of_purchase": "2018-12-20 18:46:00"}
{"customer_id": "C72", "basket": [{"product_id": "P08", "price": 855}, {"product_id": "P01", "price": 1628}], "date_of_purchase": "2018-12-20 08:24:00"}
{"customer_id": "C78", "basket": [{"product_id": "P10", "price": 581}], "date_of_purchase": "2018-12-20 05:10:00"}
{"customer_id": "C88", "basket": [{"product_id": "P36", "price": 1600}, {"product_id": "P39", "price": 1846}], "date_of_purchase": "2018-12-20 16:16:00"}
{"customer_id": "C94", "basket": [{"product_id": "P62", "price": 1133}], "date_of_purchase": "2018-12-20 21:31:00"}
{"customer_id": "C101", "basket": [{"product_id": "P19", "price": 826}], "date_of_purchase": "2018-12-20 15:49:00"}
{"customer_id": "C106", "basket": [{"product_id": "P36", "price": 1602}, {"product_id": "P35", "price": 458}, {"product_id": "P40", "price": 1635}], "date_of_purchase": "2018-12-20 10:19:00"}
{"customer_id": "C129", "basket": [{"product_id": "P40", "price": 1513}, {"product_id": "P38", "price": 448}], "date_of_purchase": "2018-12-20 21:12:00"}
{"customer_id": "C131", "basket": [{"product_id": "P35", "price": 856}, {"product_id": "P37", "price": 426}], "date_of_purchase": "2018-12-20 19:40:00"}
{"customer_id": "C132", "basket": [{"product_id": "P36", "price": 509}, {"product_id": "P35", "price": 225}], "date_of_purchase": "2018-12-20 08:45:00"}
{"customer_id": "C137", "basket": [{"product_id": "P64", "price": 1448}, {"product_id": "P62", "price": 479}], "date_of_purchase": "2018-12-20 04:05:00"}
