{"customer_id": "C7", "basket": [{"product_id": "P36", "price": 1610}, {"product_id": "P35", "price": 1766}], "date_of_purchase": "2019-02-24 07:51:00"}
{"customer_id": "C14", "basket": [{"product_id": "P24", "price": 1139}], "date_of_purchase": "2019-02-24 13:04:00"}
{"customer_id": "C15", "basket": [{"product_id": "P09", "price": 379}], "date_of_purchase": "2019-02-24 19:45:00"}
{"customer_id": "C24", "basket": [{"product_id": "P08", "price": 617}, {"product_id": "P10", "price": 1969}], "date_of_purchase": "2019-02-24 19:15:00"}
{"customer_id": "C34", "basket": [{"product_id": "P59", "price": 819}], "date_of_purchase": "2019-02-24 05:49:00"}
{"customer_id": "C35", "basket": [{"product_id": "P42", "price": 904}, {"product_id": "P51", "price": 1177}], "date_of_purchase": "2019-02-24 15:23:00"}
{"customer_id": "C41", "basket": [{"product_id": "P61", "price": 1084}, {"product_id": "P61", "price": 984}, {"product_id": "P62", "price": 1014}], "date_of_purchase": "2019-02-24 13:36:00"}
{"customer_id": "C61", "basket": [{"product_id": "P48", "price": 1342}, {"product_id": "P44", "price": 1450}, {"product_id": "P47", "price": 197}], "date_of_purchase": "2019-02-24 15:24:00"}
{"customer_id": "C67", "basket": [{"product_id": "P29", "price": 598}, {"product_id": "P22", "price": 487}], "date_of_purchase": "2019-02-24 07:23:00"}
{"customer_id": "C69", "basket": [{"product_id": "P59", "price": 1304}, {"product_id": "P50", "price": 1262}], "date_of_purchase": "2019-02-24 13:22:00"}
{"customer_id": "C73", "basket": [{"product_id": "P36", "price": 851}, {"product_id": "P39", "price": 47}], "date_of_purchase": "2019-02-24 10:39:00"}
{"customer_id": "C84", "basket": [{"product_id": "P31", "price": 1200}], "date_of_purchase": "2019-02-24 06:23:00"}
{"customer_id": "C90", "basket": [{"product_id": "P58", "price": 1403}, {"product_id": "P42", "price": 246}], "date_of_purchase": "2019-02-24 20:28:00"}
{"customer_id": "C93", "basket": [{"product_id": "P15", "price": 1057}], "date_of_purchase": "2019-02-24 12:25:00"}
{"customer_id": "C101", "basket": [{"product_id": "P21", "price": 1534}, {"product_id": "P21", "price": 517}, {"product_id": "P20", "price": 428}], "date_of_purchase": "2019-02-24 07:13:00"}
{"customer_id": "C103", "basket": [{"product_id": "P62", "price": 466}, {"product_id": "P64", "price": 1619}, {"product_id": "P62", "price": 571}], "date_of_purchase": "2019-02-24 13:16:00"}
{"customer_id": "C107", "basket": [{"product_id": "P06", "price": 1119}, {"product_id": "P04", "price": 612}, {"product_id": "P10", "price": 731}], "date_of_purchase": "2019-02-24 20:42:00"}
{"customer_id": "C108", "basket": [{"product_id": "P40", "price": 330}], "date_of_purchase": "2019-02-24 22:04:00"}
{"customer_id": "C111", "basket": [{"product_id": "P43", "price": 1443}, {"product_id": "P47", "price": 68}], "date_of_purchase": "2019-02-24 19:47:00"}
{"customer_id": "C112", "basket": [{"product_id": "P38", "price": 1222}], "date_of_purchase": "2019-02-24 13:41:00"}
{"customer_id": "C122", "basket": [{"product_id": "P28", "price": 1411}, {"product_id": "P30", "price": 706}], "date_of_purchase": "2019-02-24 09:40:00"}
{"customer_id": "C126", "basket": [{"product_id": "P37", "price": 1091}, {"product_id": "P39", "price": 569}], "date_of_purchase": "2019-02-24 17:09:00"}
{"customer_id": "C132", "basket": [{"product_id": "P45", "price": 671}, {"product_id": "P44", "price": 1869}, {"product_id": "P44", "price": 465}], "date_of_purchase": "2019-02-24 07:22:00"}
