{"customer_id": "C9", "basket": [{"product_id": "P24", "price": 434}, {"product_id": "P30", "price": 127}], "date_of_purchase": "2018-12-05 06:15:00"}
{"customer_id": "C10", "basket": [{"product_id": "P02", "price": 437}, {"product_id": "P11", "price": 544}, {"product_id": "P05", "price": 1799}], "date_of_purchase": "2018-12-05 11:23:00"}
{"customer_id": "C17", "basket": [{"product_id": "P07", "price": 1722}, {"product_id": "P04", "price": 1089}], "date_of_purchase": "2018-12-05 10:51:00"}
{"customer_id": "C20", "basket": [{"product_id": "P28", "price": 1912}, {"product_id": "P32", "price": 1168}, {"product_id": "P22", "price": 380}], "date_of_purchase": "2018-12-05 19:22:00"}
{"customer_id": "C26", "basket": [{"product_id": "P57", "price": 1067}, {"product_id": "P47", "price": 1598}], "date_of_purchase": "2018-12-05 08:43:00"}
{"customer_id": "C29", "basket": [{"product_id": "P13", "price": 816}, {"product_id": "P18", "price": 1240}], "date_of_purchase": "2018-12-05 14:24:00"}
{"customer_id": "C55", "basket": [{"product_id": "P29", "price": 1895}, {"product_id": "P25", "price": 1907}], "date_of_purchase": "2018-12-05 12:37:00"}
{"customer_id": "C60", "basket": [{"product_id": "P10", "price": 1444}, {"product_id": "P12", "price": 1669}], "date_of_purchase": "2018-12-05 13:37:00"}
{"customer_id": "C61", "basket": [{"product_id": "P52", "price": 635}, {"product_id": "P52", "price": 248}, {"product_id": "P56", "price": 1324}], "date_of_purchase": "2018-12-05 04:35:00"}
{"customer_id": "C65", "basket": [{"product_id": "P38", "price": 46}], "date_of_purchase": "2018-12-05 19:54:00"}
{"customer_id": "C67", "basket": [{"product_id": "P29", "price": 77}], "date_of_purchase": "2018-12-05 18:03:00"}
{"customer_id": "C74", "basket": [{"product_id": "P25", "price": 1808}, {"product_id": "P25", "price": 1778}], "date_of_purchase": "2018-12-05 07:16:00"}
{"customer_id": "C93", "basket": [{"product_id": "P20", "price": 1738}, {"product_id": "P17", "price": 1022}], "date_of_purchase": "2018-12-05 15:11:00"}
{"customer_id": "C101", "basket": [{"product_id": "P15", "price": 46}, {"product_id": "P16", "price": 1734}, {"product_id": "P20", "price": 489}], "date_of_purchase": "2018-12-05 13:58:00"}
{"customer_id": "C106", "basket": [{"product_id": "P34", "price": 1401}, {"product_id": "P24", "price": 1559}], "date_of_purchase": "2018-12-05 02:50:00"}
{"customer_id": "C110", "basket": [{"product_id": "P58", "price": 1966}], "date_of_purchase": "2018-12-05 20:21:00"}
{"customer_id": "C112", "basket": [{"product_id": "P64", "price": 783}], "date_of_purchase": "2018-12-05 22:05:00"}
{"customer_id": "C116", "basket": [{"product_id": "P07", "price": 1899}, {"product_id": "P06", "price": 60}, {"product_id": "P07", "price": 1534}], "date_of_purchase": "2018-12-05 21:31:00"}
{"customer_id": "C120", "basket": [{"product_id": "P02", "price": 1383}, {"product_id": "P02", "price": 1149}], "date_of_purchase": "2018-12-05 11:18:00"}
{"customer_id": "C123", "basket": [{"product_id": "P61", "price": 499}, {"product_id": "P64", "price": 615}, {"product_id": "P63", "price": 1963}], "date_of_purchase": "2018-12-05 06:06:00"}
{"customer_id": "C128", "basket": [{"product_id": "P60", "price": 1153}, {"product_id": "P43", "price": 1741}, {"product_id": "P59", "price": 1976}], "date_of_purchase": "2018-12-05 14:32:00"}
{"customer_id": "C130", "basket": [{"product_id": "P30", "price": 1312}, {"product_id": "P33", "price": 1606}], "date_of_purchase": "2018-12-05 17:41:00"}
{"customer_id": "C132", "basket": [{"product_id": "P38", "price": 773}, {"product_id": "P37", "price": 1799}, {"product_id": "P35", "price": 861}], "date_of_purchase": "2018-12-05 12:21:00"}
{"customer_id": "C134", "basket": [{"product_id": "P52", "price": 1223}, {"product_id": "P56", "price": 1347}], "date_of_purchase": "2018-12-05 03:48:00"}
