{"customer_id": "C2", "basket": [{"product_id": "P16", "price": 1718}, {"product_id": "P17", "price": 1195}, {"product_id": "P21", "price": 1801}], "date_of_purchase": "2019-01-27 17:44:00"}
{"customer_id": "C7", "basket": [{"product_id": "P13", "price": 1169}, {"product_id": "P19", "price": 1351}], "date_of_purchase": "2019-01-27 11:13:00"}
{"customer_id": "C10", "basket": [{"product_id": "P56", "price": 1645}, {"product_id": "P49", "price": 1897}, {"product_id": "P43", "price": 1213}], "date_of_purchase": "2019-01-27 08:14:00"}
{"customer_id": "C13", "basket": [{"product_id": "P22", "price": 1098}], "date_of_purchase": "2019-01-27 17:25:00"}
{"customer_id": "C20", "basket": [{"product_id": "P34", "price": 152}, {"product_id": "P33", "price": 261}], "date_of_purchase": "2019-01-27 20:46:00"}
{"customer_id": "C22", "basket": [{"product_id": "P46", "price": 1374}, {"product_id": "P49", "price": 697}, {"product_id": "P49", "price": 1177}], "date_of_purchase": "2019-01-27 18:02:00"}
{"customer_id": "C29", "basket": [{"product_id": "P18", "price": 533}, {"product_id": "P16", "price": 1138}, {"product_id": "P20", "price": 1184}], "date_of_purchase": "2019-01-27 19:07:00"}
{"customer_id": "C34", "basket": [{"product_id": "P37", "price": 822}, {"product_id": "P37", "price": 149}], "date_of_purchase": "2019-01-27 21:49:00"}
{"customer_id": "C35", "basket": [{"product_id": "P55", "price": 1682}, {"product_id": "P51", "price": 724}], "date_of_purchase": "2019-01-27 13:22:00"}
{"customer_id": "C38", "basket": [{"product_id": "P63", "price": 534}, {"product_id": "P62", "price": 690}, {"product_id": "P64", "price": 443}], "date_of_purchase": "2019-01-27 21:33:00"}
{"customer_id": "C49", "basket": [{"product_id": "P25", "price": 1055}], "date_of_purchase": "2019-01-27 15:39:00"}
{"customer_id": "C56", "basket": [{"product_id": "P43", "price": 1710}, {"product_id": "P58", "price": 1992}, {"product_id": "P44", "price": 1512}], "date_of_purchase": "2019-01-27 06:11:00"}
{"customer_id": "C62", "basket": [{"product_id": "P10", "price": 968}, {"product_id": "P08", "price": 716}, {"product_id": "P03", "price": 1053}], "date_of_purchase": "2019-01-27 08:33:00"}
{"customer_id": "C70", "basket": [{"product_id": "P25", "price": 568}, {"product_id": "P31", "price": 830}], "date_of_purchase": "2019-01-27 15:38:00"}
{"customer_id": "C83", "basket": [{"product_id": "P30", "price": 1305}], "date_of_purchase": "2019-01-27 06:12:00"}
{"customer_id": "C84", "basket": [{"product_id": "P45", "price": 455}, {"product_id": "P52", "price": 1587}, {"product_id": "P42", "price": 527}], "date_of_purchase": "2019-01-27 10:08:00"}
{"customer_id": "C85", "basket": [{"product_id": "P63", "price": 636}, {"product_id": "P61", "price": 1153}], "date_of_purchase": "2019-01-27 23:49:00"}
{"customer_id": "C87", "basket": [{"product_id": "P26", "price": 1915}, {"product_id": "P28", "price": 1179}], "date_of_purchase": "2019-01-27 09:34:00"}
{"customer_id": "C88", "basket": [{"product_id": "P39", "price": 509}, {"product_id": "P40", "price": 554}], "date_of_purchase": "2019-01-27 04:28:00"}
{"customer_id": "C92", "basket": [{"product_id": "P28", "price": 1972}, {"product_id": "P23", "price": 1127}], "date_of_purchase": "2019-01-27 06:07:00"}
{"customer_id": "C98", "basket": [{"product_id": "P42", "price": 1064}], "date_of_purchase": "2019-01-27 12:40:00"}
{"customer_id": "C100", "basket": [{"product_id": "P29", "price": 1449}, {"product_id": "P30", "price": 1285}, {"product_id": "P24", "price": 1303}], "date_of_purchase": "2019-01-27 10:46:00"}
{"customer_id": "C106", "basket": [{"product_id": "P24", "price": 884}], "date_of_purchase": "2019-01-27 04:44:00"}
{"customer_id": "C110", "basket": [{"product_id": "P62", "price": 7}], "date_of_purchase": "2019-01-27 11:55:00"}
{"customer_id": "C114", "basket": [{"product_id": "P54", "price": 759}, {"product_id": "P56", "price": 911}, {"product_id": "P46", "price": 734}], "date_of_purchase": "2019-01-27 05:14:00"}
{"customer_id": "C122", "basket": [{"product_id": "P06", "price": 1012}], "date_of_purchase": "2019-01-27 23:23:00"}
{"customer_id": "C123", "basket": [{"product_id": "P62", "price": 249}, {"product_id": "P62", "price": 1430}, {"product_id": "P63", "price": 667}], "date_of_purchase": "2019-01-27 03:12:00"}
{"customer_id": "C128", "basket": [{"product_id": "P54", "price": 843}, {"product_id": "P42", "price": 331}], "date_of_purchase": "2019-01-27 10:07:00"}
