{"customer_id": "C2", "basket": [{"product_id": "P15", "price": 1661}, {"product_id": "P18", "price": 1182}, {"product_id": "P18", "price": 1741}], "date_of_purchase": "2018-12-04 13:46:00"}
{"customer_id": "C4", "basket": [{"product_id": "P31", "price": 545}], "date_of_purchase": "2018-12-04 23:35:00"}
{"customer_id": "C8", "basket": [{"product_id": "P36", "price": 1775}, {"product_id": "P40", "price": 539}, {"product_id": "P39", "price": 70}], "date_of_purchase": "2018-12-04 11:00:00"}
{"customer_id": "C21", "basket": [{"product_id": "P61", "price": 1124}, {"product_id": "P63", "price": 1204}, {"product_id": "P64", "price": 1099}], "date_of_purchase": "2018-12-04 18:12:00"}
{"customer_id": "C29", "basket": [{"product_id": "P13", "price": 1716}, {"product_id": "P21", "price": 1780}, {"product_id": "P18", "price": 535}], "date_of_purchase": "2018-12-04 11:55:00"}
{"customer_id": "C48", "basket": [{"product_id": "P59", "price": 1153}, {"product_id": "P48", "price": 1854}, {"product_id": "P50", "price": 863}], "date_of_purchase": "2018-12-04 22:02:00"}
{"customer_id": "C56", "basket": [{"product_id": "P64", "price": 828}, {"product_id": "P61", "price": 178}], "date_of_purchase": "2018-12-04 06:54:00"}
{"customer_id": "C61", "basket": [{"product_id": "P38", "price": 1799}, {"product_id": "P40", "price": 1938}], "date_of_purchase": "2018-12-04 07:01:00"}
{"customer_id": "C62", "basket": [{"product_id": "P43", "price": 1437}, {"product_id": "P54", "price": 327}, {"product_id": "P43", "price": 130}], "date_of_purchase": "2018-12-04 13:38:00"}
{"customer_id": "C65", "basket": [{"product_id": "P24", "price": 1905}], "date_of_purchase": "2018-12-04 09:45:00"}
{"customer_id": "C66", "basket": [{"product_id": "P04", "price": 101}, {"product_id": "P04", "price": 671}], "date_of_purchase": "2018-12-04 08:50:00"}
{"customer_id": "C71", "basket": [{"product_id": "P46", "price": 741}, {"product_id": "P49", "price": 1652}, {"product_id": "P56", "price": 1390}], "date_of_purchase": "2018-12-04 14:59:00"}
{"customer_id": "C81", "basket": [{"product_id": "P49", "price": 482}, {"product_id": "P54", "price": 161}], "date_of_purchase": "2018-12-04 07:25:00"}
{"customer_id": "C82", "basket": [{"product_id": "P27", "price": 233}, {"product_id": "P24", "price": 1937}], "date_of_purchase": "2018-12-04 10:05:00"}
{"customer_id": "C83", "basket": [{"product_id": "P44", "price": 1778}, {"product_id": "P57", "price": 407}, {"product_id": "P47", "price": 1916}], "date_of_purchase": "2018-12-04 14:09:00"}
{"customer_id": "C87", "basket": [{"product_id": "P27", "price": 416}], "date_of_purchase": "2018-12-04 03:16:00"}
{"customer_id": "C92", "basket": [{"product_id": "P29", "price": 1669}], "date_of_purchase": "2018-12-04 03:28:00"}
{"customer_id": "C101", "basket": [{"product_id": "P13", "price": 1826}, {"product_id": "P13", "price": 1311}], "date_of_purchase": "2018-12-04 20:52:00"}
{"customer_id": "C116", "basket": [{"product_id": "P12", "price": 1822}, {"product_id": "P04", "price": 491}, {"product_id": "P03", "price": 443}], "date_of_purchase": "2018-12-04 20:15:00"}
{"customer_id": "C117", "basket": [{"product_id": "P59", "price": 1593}], "date_of_purchase": "2018-12-04 19:25:00"}
{"customer_id": "C119", "basket": [{"product_id": "P34", "price": 172}, {"product_id": "P29", "price": 687}, {"product_id": "P33", "price": 1541}], "date_of_purchase": "2018-12-04 08:04:00"}
{"customer_id": "C122", "basket": [{"product_id": "P51", "price": 1001}, {"product_id": "P52", "price": 1610}], "date_of_purchase": "2018-12-04 17:43:00"}
{"customer_id": "C123", "basket": [{"product_id": "P62", "price": 1846}, {"product_id": "P64", "price": 719}, {"product_id": "P64", "price": 894}], "date_of_purchase": "2018-12-04 17:41:00"}
{"customer_id": "C131", "basket": [{"product_id": "P57", "price": 1895}, {"product_id": "P48", "price": 97}, {"product_id": "P56", "price": 390}], "date_of_purchase": "2018-12-04 09:24:00"}
{"customer_id": "C133", "basket": [{"product_id": "P12", "price": 787}], "date_of_purchase": "2018-12-04 05:31:00"}
