{"customer_id": "C9", "basket": [{"product_id": "P37", "price": 1090}], "date_of_purchase": "2018-12-03 05:43:00"}
{"customer_id": "C14", "basket": [{"product_id": "P53", "price": 1969}], "date_of_purchase": "2018-12-03 03:11:00"}
{"customer_id": "C20", "basket": [{"product_id": "P33", "price": 900}], "date_of_purchase": "2018-12-03 15:15:00"}
{"customer_id": "C29", "basket": [{"product_id": "P16", "price": 644}], "date_of_purchase": "2018-12-03 12:02:00"}
{"customer_id": "C36", "basket": [{"product_id": "P62", "price": 652}], "date_of_purchase": "2018-12-03 16:24:00"}
{"customer_id": "C49", "basket": [{"product_id": "P63", "price": 1242}, {"product_id": "P61", "price": 1033}, {"product_id": "P63", "price": 1613}], "date_of_purchase": "2018-12-03 07:18:00"}
{"customer_id": "C63", "basket": [{"product_id": "P22", "price": 247}, {"product_id": "P23", "price": 1851}, {"product_id": "P29", "price": 1103}], "date_of_purchase": "2018-12-03 07:56:00"}
{"customer_id": "C66", "basket": [{"product_id": "P08", "price": 1640}], "date_of_purchase": "2018-12-03 07:13:00"}
{"customer_id": "C67", "basket": [{"product_id": "P42", "price": 1287}, {"product_id": "P57", "price": 1086}, {"product_id": "P49", "price": 1039}], "date_of_purchase": "2018-12-03 09:18:00"}
{"customer_id": "C78", "basket": [{"product_id": "P10", "price": 1514}, {"product_id": "P06", "price": 401}, {"product_id": "P10", "price": 51}], "date_of_purchase": "2018-12-03 11:37:00"}
{"customer_id": "C84", "basket": [{"product_id": "P41", "price": 1017}], "date_of_purchase": "2018-12-03 20:22:00"}
{"customer_id": "C90", "basket": [{"product_id": "P50", "price": 1483}, {"product_id": "P45", "price": 1430}, {"product_id": "P54", "price": 246}], "date_of_purchase": "2018-12-03 12:09:00"}
{"customer_id": "C92", "basket": [{"product_id": "P23", "price": 454}, {"product_id": "P22", "price": 1182}, {"product_id": "P24", "price": 161}], "date_of_purchase": "2018-12-03 17:41:00"}
{"customer_id": "C99", "basket": [{"product_id": "P05", "price": 213}], "date_of_purchase": "2018-12-03 09:09:00"}
{"customer_id": "C102", "basket": [{"product_id": "P38", "price": 1981}, {"product_id": "P38", "price": 634}], "date_of_purchase": "2018-12-03 05:21:00"}
{"customer_id": "C105", "basket": [{"product_id": "P26", "price": 777}, {"product_id": "P28", "price": 1487}, {"product_id": "P31", "price": 1570}], "date_of_purchase": "2018-12-03 22:15:00"}
{"customer_id": "C106", "basket": [{"product_id": "P63", "price": 767}, {"product_id": "P61", "price": 574}, {"product_id": "P62", "price": 619}], "date_of_purchase": "2018-12-03 14:44:00"}
{"customer_id": "C108", "basket": [{"product_id": "P09", "price": 805}, {"product_id": "P09", "price": 387}, {"product_id": "P06", "price": 1947}], "date_of_purchase": "2018-12-03 09:30:00"}
{"customer_id": "C110", "basket": [{"product_id": "P28", "price": 79}, {"product_id": "P34", "price": 50}], "date_of_purchase": "2018-12-03 17:09:00"}
{"customer_id": "C112", "basket": [{"product_id": "P61", "price": 276}], "date_of_purchase": "2018-12-03 05:54:00"}
{"customer_id": "C115", "basket": [{"product_id": "P61", "price": 1849}], "date_of_purchase": "2018-12-03 20:36:00"}
{"customer_id": "C116", "basket": [{"product_id": "P63", "price": 1673}, {"product_id": "P61", "price": 1394}, {"product_id": "P62", "price": 1438}], "date_of_purchase": "2018-12-03 05:40:00"}
{"customer_id": "C117", "basket": [{"product_id": "P59", "price": 1411}], "date_of_purchase": "2018-12-03 23:56:00"}
{"customer_id": "C126", "basket": [{"product_id": "P12", "price": 1150}, {"product_id": "P11", "price": 860}], "date_of_purchase": "2018-12-03 06:40:00"}
{"customer_id": "C127", "basket": [{"product_id": "P27", "price": 1985}, {"product_id": "P30", "price": 1172}, {"product_id": "P33", "price": 1911}], "date_of_purchase": "2018-12-03 11:35:00"}
{"customer_id": "C129", "basket": [{"product_id": "P26", "price": 1563}, {"product_id": "P25", "price": 1530}, {"product_id": "P30", "price": 153}], "date_of_purchase": "2018-12-03 08:38:00"}
{"customer_id": "C130", "basket": [{"product_id": "P31", "price": 1004}], "date_of_purchase": "2018-12-03 08:59:00"}
{"customer_id": "C133", "basket": [{"product_id": "P32", "price": 1761}, {"product_id": "P30", "price": 939}], "date_of_purchase": "2018-12-03 08:33:00"}
{"customer_id": "C137", "basket": [{"product_id": "P63", "price": 271}, {"product_id": "P62", "price": 1346}, {"product_id": "P64", "price": 1542}], "date_of_purchase": "2018-12-03 07:23:00"}
