{"customer_id": "C6", "basket": [{"product_id": "P15", "price": 1089}, {"product_id": "P14", "price": 501}, {"product_id": "P20", "price": 1022}], "date_of_purchase": "2019-02-23 12:30:00"}
{"customer_id": "C8", "basket": [{"product_id": "P59", "price": 1039}, {"product_id": "P59", "price": 628}], "date_of_purchase": "2019-02-23 22:35:00"}
{"customer_id": "C14", "basket": [{"product_id": "P32", "price": 1587}], "date_of_purchase": "2019-02-23 16:18:00"}
{"customer_id": "C17", "basket": [{"product_id": "P11", "price": 648}], "date_of_purchase": "2019-02-23 15:50:00"}
{"customer_id": "C22", "basket": [{"product_id": "P25", "price": 1365}, {"product_id": "P33", "price": 1961}], "date_of_purchase": "2019-02-23 05:20:00"}
{"customer_id": "C23", "basket": [{"product_id": "P35", "price": 1136}], "date_of_purchase": "2019-02-23 05:56:00"}
{"customer_id": "C26", "basket": [{"product_id": "P20", "price": 1944}, {"product_id": "P13", "price": 582}], "date_of_purchase": "2019-02-23 10:56:00"}
{"customer_id": "C34", "basket": [{"product_id": "P24", "price": 274}, {"product_id": "P34", "price": 1626}, {"product_id": "P29", "price": 1636}], "date_of_purchase": "2019-02-23 18:26:00"}
{"customer_id": "C49", "basket": [{"product_id": "P29", "price": 1024}, {"product_id": "P22", "price": 1067}, {"product_id": "P30", "price": 1371}], "date_of_purchase": "2019-02-23 05:05:00"}
{"customer_id": "C56", "basket": [{"product_id": "P62", "price": 1824}], "date_of_purchase": "2019-02-23 19:39:00"}
{"customer_id": "C57", "basket": [{"product_id": "P16", "price": 465}], "date_of_purchase": "2019-02-23 09:41:00"}
{"customer_id": "C62", "basket": [{"product_id": "P56", "price": 1117}, {"product_id": "P49", "price": 1672}, {"product_id": "P42", "price": 1601}], "date_of_purchase": "2019-02-23 14:46:00"}
{"customer_id": "C63", "basket": [{"product_id": "P05", "price": 1661}], "date_of_purchase": "2019-02-23 18:04:00"}
{"customer_id": "C65", "basket": [{"product_id": "P23", "price": 872}, {"product_id": "P31", "price": 1429}, {"product_id": "P32", "price": 1039}], "date_of_purchase": "2019-02-23 20:57:00"}
{"customer_id": "C70", "basket": [{"product_id": "P63", "price": 60}], "date_of_purchase": "2019-02-23 12:21:00"}
{"customer_id": "C71", "basket": [{"product_id": "P43", "price": 380}], "date_of_purchase": "2019-02-23 18:53:00"}
{"customer_id": "C73", "basket": [{"product_id": "P04", "price": 676}, {"product_id": "P06", "price": 200}, {"product_id": "P07", "price": 643}], "date_of_purchase": "2019-02-23 13:21:00"}
{"customer_id": "C78", "basket": [{"product_id": "P50", "price": 314}], "date_of_purchase": "2019-02-23 09:27:00"}
{"customer_id": "C90", "basket": [{"product_id": "P25", "price": 1372}, {"product_id": "P27", "price": 1654}], "date_of_purchase": "2019-02-23 18:56:00"}
{"customer_id": "C100", "basket": [{"product_id": "P35", "price": 1829}, {"product_id": "P37", "price": 1582}, {"product_id": "P35", "price": 1942}], "date_of_purchase": "2019-02-23 20:15:00"}
{"customer_id": "C108", "basket": [{"product_id": "P07", "price": 777}], "date_of_purchase": "2019-02-23 10:55:00"}
{"customer_id": "C112", "basket": [{"product_id": "P38", "price": 1308}], "date_of_purchase": "2019-02-23 16:30:00"}
{"customer_id": "C116", "basket": [{"product_id": "P39", "price": 823}, {"product_id": "P36", "price": 848}], "date_of_purchase": "2019-02-23 13:11:00"}
{"customer_id": "C117", "basket": [{"product_id": "P50", "price": 383}, {"product_id": "P59", "price": 1271}, {"product_id": "P55", "price": 1599}], "date_of_purchase": "2019-02-23 20:25:00"}
{"customer_id": "C122", "basket": [{"product_id": "P04", "price": 1071}, {"product_id": "P06", "price": 1602}, {"product_id": "P02", "price": 312}], "date_of_purchase": "2019-02-23 21:50:00"}
{"customer_id": "C132", "basket": [{"product_id": "P44", "price": 284}, {"product_id": "P41", "price": 1665}], "date_of_purchase": "2019-02-23 02:48:00"}
{"customer_id": "C134", "basket": [{"product_id": "P07", "price": 1793}, {"product_id": "P01", "price": 784}], "date_of_purchase": "2019-02-23 22:14:00"}
