{"customer_id": "C12", "basket": [{"product_id": "P27", "price": 626}, {"product_id": "P26", "price": 1927}, {"product_id": "P26", "price": 77}], "date_of_purchase": "2019-02-16 13:46:00"}
{"customer_id": "C21", "basket": [{"product_id": "P36", "price": 1611}], "date_of_purchase": "2019-02-16 12:52:00"}
{"customer_id": "C23", "basket": [{"product_id": "P38", "price": 627}, {"product_id": "P39", "price": 352}, {"product_id": "P39", "price": 1395}], "date_of_purchase": "2019-02-16 07:11:00"}
{"customer_id": "C30", "basket": [{"product_id": "P03", "price": 1942}], "date_of_purchase": "2019-02-16 17:47:00"}
{"customer_id": "C35", "basket": [{"product_id": "P59", "price": 160}, {"product_id": "P45", "price": 430}], "date_of_purchase": "2019-02-16 13:10:00"}
{"customer_id": "C56", "basket": [{"product_id": "P18", "price": 1910}, {"product_id": "P17", "price": 1687}], "date_of_purchase": "2019-02-16 11:15:00"}
{"customer_id": "C61", "basket": [{"product_id": "P39", "price": 291}, {"product_id": "P36", "price": 1338}], "date_of_purchase": "2019-02-16 22:42:00"}
{"customer_id": "C65", "basket": [{"product_id": "P35", "price": 1916}, {"product_id": "P35", "price": 706}], "date_of_purchase": "2019-02-16 12:38:00"}
{"customer_id": "C70", "basket": [{"product_id": "P32", "price": 757}], "date_of_purchase": "2019-02-16 19:12:00"}
{"customer_id": "C71", "basket": [{"product_id": "P60", "price": 500}, {"product_id": "P58", "price": 21}, {"product_id": "P54", "price": 1288}], "date_of_purchase": "2019-02-16 12:48:00"}
{"customer_id": "C73", "basket": [{"product_id": "P39", "price": 1987}, {"product_id": "P36", "price": 1673}], "date_of_purchase": "2019-02-16 20:04:00"}
{"customer_id": "C74", "basket": [{"product_id": "P12", "price": 848}, {"product_id": "P02", "price": 1638}], "date_of_purchase": "2019-02-16 17:39:00"}
{"customer_id": "C83", "basket": [{"product_id": "P54", "price": 25}, {"product_id": "P45", "price": 649}], "date_of_purchase": "2019-02-16 16:34:00"}
{"customer_id": "C86", "basket": [{"product_id": "P25", "price": 753}], "date_of_purchase": "2019-02-16 19:43:00"}
{"customer_id": "C95", "basket": [{"product_id": "P63", "price": 1698}, {"product_id": "P61", "price": 285}], "date_of_purchase": "2019-02-16 09:08:00"}
{"customer_id": "C100", "basket": [{"product_id": "P38", "price": 1319}, {"product_id": "P39", "price": 1602}], "date_of_purchase": "2019-02-16 23:35:00"}
{"customer_id": "C107", "basket": [{"product_id": "P05", "price": 220}, {"product_id": "P03", "price": 1609}], "date_of_purchase": "2019-02-16 08:26:00"}
{"customer_id": "C110", "basket": [{"product_id": "P58", "price": 580}], "date_of_purchase": "2019-02-16 23:31:00"}
{"customer_id": "C114", "basket": [{"product_id": "P50", "price": 616}, {"product_id": "P55", "price": 572}, {"product_id": "P44", "price": 231}], "date_of_purchase": "2019-02-16 13:26:00"}
{"customer_id": "C116", "basket": [{"product_id": "P47", "price": 1305}, {"product_id": "P41", "price": 1317}, {"product_id": "P46", "price": 1083}], "date_of_purchase": "2019-02-16 03:51:00"}
{"customer_id": "C121", "basket": [{"product_id": "P28", "price": 327}], "date_of_purchase": "2019-02-16 16:24:00"}
{"customer_id": "C123", "basket": [{"product_id": "P62", "price": 377}, {"product_id": "P62", "price": 645}, {"product_id": "P61", "price": 1421}], "date_of_purchase": "2019-02-16 17:54:00"}
{"customer_id": "C133", "basket": [{"product_id": "P10", "price": 1644}, {"product_id": "P10", "price": 1292}, {"product_id": "P12", "price": 1282}], "date_of_purchase": "2019-02-16 05:22:00"}
