{"customer_id": "C2", "basket": [{"product_id": "P62", "price": 581}], "date_of_purchase": "2019-02-08 08:12:00"}
{"customer_id": "C8", "basket": [{"product_id": "P09", "price": 1378}, {"product_id": "P06", "price": 1270}], "date_of_purchase": "2019-02-08 20:57:00"}
{"customer_id": "C9", "basket": [{"product_id": "P37", "price": 899}, {"product_id": "P39", "price": 286}], "date_of_purchase": "2019-02-08 06:03:00"}
{"customer_id": "C20", "basket": [{"product_id": "P27", "price": 1637}, {"product_id": "P28", "price": 75}], "date_of_purchase": "2019-02-08 12:21:00"}
{"customer_id": "C23", "basket": [{"product_id": "P38", "price": 444}, {"product_id": "P36", "price": 202}], "date_of_purchase": "2019-02-08 23:11:00"}
{"customer_id": "C36", "basket": [{"product_id": "P64", "price": 1230}], "date_of_purchase": "2019-02-08 21:41:00"}
{"customer_id": "C42", "basket": [{"product_id": "P05", "price": 1969}], "date_of_purchase": "2019-02-08 05:55:00"}
{"customer_id": "C43", "basket": [{"product_id": "P46", "price": 287}, {"product_id": "P42", "price": 46}], "date_of_purchase": "2019-02-08 16:06:00"}
{"customer_id": "C56", "basket": [{"product_id": "P62", "price": 1636}, {"product_id": "P62", "price": 229}, {"product_id": "P64", "price": 128}], "date_of_purchase": "2019-02-08 09:53:00"}
{"customer_id": "C57", "basket": [{"product_id": "P17", "price": 1545}, {"product_id": "P14", "price": 1240}, {"product_id": "P14", "price": 1462}], "date_of_purchase": "2019-02-08 18:20:00"}
{"customer_id": "C60", "basket": [{"product_id": "P03", "price": 1330}, {"product_id": "P08", "price": 1839}, {"product_id": "P05", "price": 1908}], "date_of_purchase": "2019-02-08 21:41:00"}
{"customer_id": "C71", "basket": [{"product_id": "P40", "price": 1035}, {"product_id": "P38", "price": 894}], "date_of_purchase": "2019-02-08 15:05:00"}
{"customer_id": "C75", "basket": [{"product_id": "P39", "price": 487}, {"product_id": "P39", "price": 1719}], "date_of_purchase": "2019-02-08 09:05:00"}
{"customer_id": "C78", "basket": [{"product_id": "P07", "price": 923}, {"product_id": "P10", "price": 681}], "date_of_purchase": "2019-02-08 22:35:00"}
{"customer_id": "C84", "basket": [{"product_id": "P20", "price": 1839}, {"product_id": "P21", "price": 931}, {"product_id": "P17", "price": 128}], "date_of_purchase": "2019-02-08 14:20:00"}
{"customer_id": "C85", "basket": [{"product_id": "P01", "price": 989}, {"product_id": "P04", "price": 1744}], "date_of_purchase": "2019-02-08 14:40:00"}
{"customer_id": "C87", "basket": [{"product_id": "P44", "price": 1509}, {"product_id": "P56", "price": 777}, {"product_id": "P46", "price": 1195}], "date_of_purchase": "2019-02-08 12:34:00"}
{"customer_id": "C100", "basket": [{"product_id": "P03", "price": 299}], "date_of_purchase": "2019-02-08 05:34:00"}
{"customer_id": "C104", "basket": [{"product_id": "P39", "price": 390}], "date_of_purchase": "2019-02-08 13:23:00"}
{"customer_id": "C110", "basket": [{"product_id": "P26", "price": 152}, {"product_id": "P22", "price": 1175}], "date_of_purchase": "2019-02-08 22:59:00"}
{"customer_id": "C112", "basket": [{"product_id": "P11", "price": 775}], "date_of_purchase": "2019-02-08 03:17:00"}
{"customer_id": "C114", "basket": [{"product_id": "P32", "price": 1833}, {"product_id": "P22", "price": 1831}], "date_of_purchase": "2019-02-08 08:31:00"}
{"customer_id": "C118", "basket": [{"product_id": "P30", "price": 1044}, {"product_id": "P33", "price": 1179}], "date_of_purchase": "2019-02-08 14:55:00"}
{"customer_id": "C136", "basket": [{"product_id": "P61", "price": 1104}, {"product_id": "P61", "price": 1128}], "date_of_purchase": "2019-02-08 17:20:00"}
